Id,TotRmsAbvGrd,GrLivArea,1stFlrSF,GarageCars,GarageArea,OverallQual,YearBuilt,SalePrice
1,8,1710,856,2,548.0,Gd,2003,"208,500$"
2,6,1262,1262,2,460.0,AA,1976,"181,500$"
3,6,1786,920,2,608.0,Gd,2001,"223,500$"
4,7,1717,961,3,642.0,Gd,1915,"140,000$"
5,9,2198,1145,3,836.0,VG,2000,"250,000$"
6,5,1362,796,2,480.0,Average,1993,"143,000$"
7,7,1694,1694,2,636.0,VG,2004,"307,000$"
8,7,2090,1107,2,484.0,Gd,1973,"200,000$"
9,8,1774,1022,2,,Gd,1931,"129,900$"
10,5,1077,1077,1,205.0,Av,1939,"118,000$"
11,5,1040,1040,1,384.0,Av,1965,"129,500$"
12,11,2324,1182,3,736.0,Ex,2005,"345,000$"
13,4,912,912,1,352.0,Average,1962,"144,000$"
14,7,1494,1494,3,840.0,Gd,2006,"279,500$"
15,5,1253,1253,1,352.0,AA,1960,"157,000$"
16,5,854,854,2,576.0,Gd,1929,"132,000$"
17,5,1004,1004,2,480.0,AA,1970,"149,000$"
18,6,1296,1296,2,516.0,BA,1967,"90,000$"
19,6,1114,1114,2,576.0,Av,2004,"159,000$"
20,6,1339,1339,1,294.0,Av,1958,"139,000$"
21,9,2376,1158,3,853.0,VG,2005,"325,300$"
22,6,1108,1108,1,280.0,Gd,1930,"139,400$"
23,7,1795,1795,2,534.0,VG,2002,"230,000$"
24,6,1060,1060,2,572.0,Av,1976,"129,900$"
25,6,1060,1060,1,270.0,Av,1968,"154,000$"
26,7,1600,1600,3,890.0,VG,2007,"256,300$"
27,5,900,900,2,576.0,Av,1951,"134,800$"
28,7,1704,1704,3,772.0,VG,2007,"306,000$"
29,6,1600,1600,1,319.0,Av,1957,"207,500$"
30,4,520,520,1,240.0,BA,1927,"68,500$"
31,6,1317,649,1,250.0,BA,1920,"40,000$"
32,6,1228,1228,1,271.0,Av,1966,"149,350$"
33,7,1234,1234,2,484.0,VG,2007,"179,900$"
34,6,1700,1700,2,447.0,Av,1959,"165,500$"
35,6,1561,1561,2,556.0,Ex,2005,"277,500$"
36,9,2452,1132,3,691.0,VG,2004,"309,000$"
37,6,1097,1097,2,672.0,Av,1994,"145,000$"
38,5,1297,1297,2,498.0,Av,1954,"153,000$"
39,5,1057,1057,1,246.0,Av,1953,"109,000$"
40,6,1152,1152,0,0.0,BA,1955,"82,000$"
41,6,1324,1324,2,440.0,AA,1965,"160,000$"
42,5,1328,1328,1,308.0,Av,1959,"170,000$"
43,5,884,884,2,504.0,Av,1983,"144,000$"
44,5,938,938,1,308.0,Av,1975,"130,250$"
45,6,1150,1150,1,300.0,Av,1959,"141,000$"
46,6,1752,1752,2,576.0,Ex,2005,"319,900$"
47,6,2149,1518,2,670.0,Gd,2003,"239,686$"
48,7,1656,1656,3,826.0,VG,2006,"249,700$"
49,8,1452,736,0,0.0,BA,1920,"113,000$"
50,6,955,955,1,386.0,Av,1966,"127,000$"
51,6,1470,794,2,388.0,AA,1997,"177,000$"
52,6,1176,816,2,528.0,AA,1934,"114,500$"
53,5,816,816,2,516.0,Av,1963,"110,000$"
54,5,1842,1842,3,894.0,Ex,1981,"385,000$"
55,6,1360,1360,2,572.0,Av,1955,"130,000$"
56,7,1425,1425,2,576.0,AA,1964,"180,500$"
57,7,1739,983,2,480.0,VG,1999,"172,500$"
58,7,1720,860,2,565.0,Gd,2004,"196,500$"
59,10,2945,1426,3,641.0,VE,2006,"438,780$"
60,4,780,780,1,352.0,Av,1972,"124,900$"
61,5,1158,1158,2,576.0,AA,2004,"158,000$"
62,6,1111,581,1,288.0,Av,1920,"101,000$"
63,6,1370,1370,2,484.0,VG,2006,"202,500$"
64,9,1710,902,2,480.0,Gd,1921,"140,000$"
65,8,2034,1057,2,645.0,Gd,1997,"219,500$"
66,9,2473,1143,3,852.0,VG,2004,"317,000$"
67,7,2207,2207,2,576.0,Gd,1970,"180,000$"
68,7,1479,1479,2,558.0,Gd,2003,"226,000$"
69,4,747,747,1,220.0,BA,1945,"80,000$"
70,7,2287,1304,2,667.0,Gd,1953,"225,000$"
71,8,2223,2223,2,516.0,Gd,1973,"244,000$"
72,4,845,845,2,360.0,BA,1982,"129,500$"
73,7,1718,885,2,427.0,Gd,1998,"185,000$"
74,6,1086,1086,2,490.0,Av,1954,"144,900$"
75,8,1605,840,1,379.0,Fa,1915,"107,400$"
76,5,988,526,1,297.0,BA,1973,"91,000$"
77,4,952,952,1,283.0,BA,1956,"135,750$"
78,6,1285,1072,1,240.0,Av,1948,"127,000$"
79,8,1768,1768,0,0.0,BA,1968,"136,500$"
80,5,1230,682,2,440.0,Av,1910,"110,000$"
81,8,2142,1182,1,509.0,AA,1968,"193,500$"
82,5,1337,1337,2,405.0,AA,1998,"153,500$"
83,6,1563,1563,3,758.0,VG,2007,"245,000$"
84,6,1065,1065,2,461.0,Av,1960,"126,500$"
85,7,1474,804,2,400.0,Gd,1995,"168,500$"
86,9,2417,1301,2,462.0,VG,1991,"260,000$"
87,6,1560,684,2,400.0,AA,2005,"174,000$"
88,4,1224,612,2,528.0,AA,2009,"164,500$"
89,6,1526,1013,0,0.0,Fa,1915,"85,000$"
90,5,990,990,0,0.0,BA,1994,"123,600$"
91,4,1040,1040,2,420.0,BA,1950,"109,900$"
92,6,1235,1235,2,480.0,Av,1961,"98,600$"
93,5,964,964,2,432.0,Av,1921,"163,500$"
94,9,2291,1260,2,506.0,AA,1910,"133,900$"
95,7,1786,905,2,684.0,AA,1997,"204,750$"
96,6,1470,680,2,420.0,AA,1993,"185,000$"
97,6,1588,1588,2,472.0,Gd,1999,"214,000$"
98,6,960,960,1,432.0,BA,1965,"94,750$"
99,5,835,835,1,366.0,Av,1920,"83,000$"
100,6,1225,1225,0,0.0,BA,1959,"128,950$"
101,6,1610,1610,2,480.0,AA,1977,"205,000$"
102,7,1732,977,2,476.0,AA,1985,"178,000$"
103,8,1535,1535,2,410.0,Av,1979,"118,964$"
104,6,1226,1226,3,740.0,Gd,2009,"198,900$"
105,7,1818,1226,1,240.0,Gd,1931,"169,500$"
106,9,1992,1053,2,648.0,VG,2003,"250,000$"
107,6,1047,1047,1,273.0,BA,1885,"100,000$"
108,5,789,789,1,250.0,Av,1948,"115,000$"
109,7,1517,997,0,0.0,Av,1919,"115,000$"
110,7,1844,1844,2,546.0,AA,1977,"190,000$"
111,7,1855,1216,1,325.0,AA,1954,"136,900$"
112,7,1430,774,2,,Gd,2000,"180,000$"
113,10,2696,1282,3,792.0,Gd,2007,"383,970$"
114,7,2259,2259,2,450.0,AA,1953,"217,000$"
115,9,2320,1436,1,180.0,AA,1945,"259,500$"
116,5,1458,729,2,440.0,AA,1999,"176,000$"
117,6,1092,1092,1,288.0,Av,1962,"139,000$"
118,5,1125,1125,2,430.0,Av,2006,"155,000$"
119,11,3222,1699,3,594.0,Gd,1990,"320,000$"
120,8,1456,728,2,390.0,AA,2005,"163,990$"
121,4,988,988,2,540.0,AA,1969,"180,000$"
122,4,1123,772,1,264.0,BA,1939,"100,000$"
123,5,1080,1080,1,288.0,AA,1958,"136,000$"
124,5,1199,1199,2,530.0,AA,1993,"153,900$"
125,7,1586,1586,2,435.0,AA,1979,"181,000$"
126,5,754,520,0,0.0,AA,1935,"84,500$"
127,5,958,958,2,440.0,AA,1976,"128,000$"
128,5,840,840,0,0.0,Av,1930,"87,000$"
129,6,1348,660,2,453.0,AA,1966,"155,000$"
130,6,1053,1053,2,750.0,Av,1958,"150,000$"
131,8,2157,1216,2,487.0,Gd,1966,"226,000$"
132,7,2054,1022,2,390.0,AA,2000,"244,000$"
133,7,1327,1327,2,624.0,Av,1959,"150,750$"
134,6,1296,1296,2,471.0,VG,2001,"220,000$"
135,7,1721,1721,2,440.0,Av,1968,"180,000$"
136,7,1682,1682,2,530.0,Gd,1970,"174,000$"
137,5,1214,1214,1,318.0,Av,1967,"143,000$"
138,9,1959,1959,3,766.0,Gd,1988,"171,000$"
139,7,1852,1004,3,660.0,VG,1999,"230,000$"
140,7,1764,928,2,470.0,AA,1997,"231,500$"
141,5,864,864,0,0.0,BA,1971,"115,000$"
142,7,1734,1734,2,660.0,Gd,2005,"260,000$"
143,6,1385,910,2,720.0,Av,1952,"166,000$"
144,6,1501,1501,2,577.0,Gd,1999,"204,000$"
145,10,1728,1728,2,504.0,Av,1963,"125,000$"
146,7,1709,970,2,380.0,AA,2004,"130,000$"
147,5,875,875,1,180.0,Av,1931,"105,000$"
148,8,2035,884,2,434.0,Gd,2001,"222,500$"
149,6,1080,1080,0,0.0,Gd,2004,"141,000$"
150,7,1344,896,1,240.0,Av,1936,"115,000$"
151,5,969,969,2,440.0,Av,1975,"122,000$"
152,6,1710,1710,3,866.0,VG,2007,"372,402$"
153,8,1993,1097,2,495.0,AA,1971,"190,000$"
154,4,1252,1252,2,564.0,AA,1960,"235,000$"
155,7,1200,1200,1,312.0,AA,1923,"125,000$"
156,5,1096,572,0,0.0,AA,1924,"79,000$"
157,5,1040,1040,2,625.0,Av,1950,"109,500$"
158,8,1968,774,3,680.0,VG,2009,"269,500$"
159,8,1947,991,2,678.0,Gd,2004,"254,900$"
160,9,2462,1392,2,576.0,Gd,2005,"320,000$"
161,6,1232,1232,2,516.0,AA,1984,"162,500$"
162,10,2668,1572,3,726.0,Ex,2003,"412,500$"
163,7,1541,1541,2,532.0,Gd,2005,"220,000$"
164,4,882,882,0,0.0,BA,1956,"103,200$"
165,5,1616,1149,1,216.0,AA,1926,"152,000$"
166,6,1355,808,0,0.0,Av,1940,"127,500$"
167,7,1867,1867,1,303.0,Av,1955,"190,000$"
168,8,2161,1610,3,789.0,VG,2007,"325,624$"
169,7,1720,840,2,440.0,Gd,2004,"183,500$"
170,6,1707,1707,2,511.0,VG,1981,"228,000$"
171,7,1382,854,2,660.0,Av,1941,"128,500$"
172,7,1656,1656,2,528.0,AA,1960,"215,000$"
173,5,1767,1064,2,504.0,Gd,1987,"239,000$"
174,6,1362,1362,2,504.0,AA,1961,"163,000$"
175,7,1651,1651,2,616.0,AA,1986,"184,000$"
176,7,2158,2158,2,576.0,AA,1950,"243,000$"
177,8,2060,1164,2,521.0,AA,1988,"211,000$"
178,8,1920,1252,2,451.0,Av,1958,"172,500$"
179,9,2234,2234,3,1166.0,Ex,2008,"501,837$"
180,5,968,968,2,480.0,Av,1923,"100,000$"
181,5,1525,769,2,440.0,AA,2000,"177,000$"
182,9,1802,901,1,216.0,Gd,1920,"200,100$"
183,7,1340,1340,1,252.0,Av,1957,"120,000$"
184,6,2082,1362,2,484.0,Gd,2003,"200,000$"
185,5,1252,936,2,576.0,Av,1908,"127,000$"
186,12,3608,1518,3,840.0,VE,1892,"475,000$"
187,6,1217,1217,2,497.0,Gd,1990,"173,000$"
188,8,1656,808,1,180.0,Av,1916,"135,000$"
189,6,1224,1224,2,528.0,Av,1979,"153,337$"
190,5,1593,1593,2,682.0,VG,2001,"286,000$"
191,10,2727,1549,2,440.0,VG,1932,"315,000$"
192,7,1479,725,2,484.0,Gd,1972,"184,000$"
193,6,1431,1431,2,666.0,Gd,1999,"192,000$"
194,7,1709,970,2,380.0,Gd,2004,"130,000$"
195,5,864,864,1,352.0,Av,1972,"127,000$"
196,7,1456,855,2,440.0,AA,1976,"148,500$"
197,8,1726,1726,3,786.0,Gd,2007,"311,872$"
198,8,3112,1360,2,795.0,VG,1918,"235,000$"
199,8,2229,929,0,0.0,AA,1912,"104,000$"
200,7,1713,1713,3,856.0,VG,2004,"274,900$"
201,5,1121,1121,2,440.0,BA,2003,"140,000$"
202,6,1279,1279,2,473.0,AA,1977,"171,500$"
203,6,1310,865,1,398.0,AA,1924,"112,000$"
204,3,848,848,2,420.0,AA,2004,"149,000$"
205,5,1284,720,1,240.0,Av,1947,"110,000$"
206,5,1442,1442,2,500.0,Gd,1990,"180,500$"
207,8,1696,1696,1,349.0,Av,1962,"143,900$"
208,6,1100,1100,1,312.0,BA,1960,"141,000$"
209,7,2062,1180,2,454.0,Gd,1988,"277,000$"
210,6,1092,1092,2,504.0,AA,1964,"145,000$"
211,5,864,864,0,0.0,Av,1925,"98,000$"
212,6,1212,1212,2,460.0,AA,2009,"186,000$"
213,7,1852,932,2,644.0,Gd,2009,"252,678$"
214,5,990,990,2,576.0,Av,1995,"156,000$"
215,6,1392,689,1,299.0,AA,1977,"161,750$"
216,6,1236,1236,1,447.0,Av,1957,"134,450$"
217,8,1436,1436,2,484.0,Gd,2004,"210,000$"
218,8,1328,810,1,210.0,BA,1925,"107,000$"
219,8,1954,1137,2,431.0,Gd,1939,"311,500$"
220,5,1248,1248,2,438.0,Gd,2005,"167,240$"
221,5,1498,1498,2,675.0,Gd,2006,"204,900$"
222,8,2267,1010,2,390.0,AA,2002,"200,000$"
223,6,1552,811,2,434.0,AA,1975,"179,900$"
224,4,864,864,2,576.0,BA,1971,"97,000$"
225,8,2392,2392,3,968.0,VE,2003,"386,250$"
226,6,1302,630,1,280.0,Av,1971,"112,000$"
227,9,2520,1214,3,721.0,Gd,1995,"290,000$"
228,5,987,483,1,280.0,AA,1970,"106,000$"
229,5,912,912,1,336.0,Av,1967,"125,000$"
230,7,1555,1555,2,430.0,Gd,2005,"192,500$"
231,6,1194,1194,1,312.0,AA,1959,"148,000$"
232,9,2794,1490,3,810.0,VG,1995,"403,000$"
233,5,987,483,1,288.0,AA,1972,"94,500$"
234,5,894,894,1,308.0,Av,1976,"128,200$"
235,8,1960,860,2,440.0,AA,2002,"216,500$"
236,5,987,483,1,264.0,AA,1971,"89,500$"
237,6,1414,1414,2,494.0,Gd,2004,"185,500$"
238,7,1744,1014,2,457.0,Gd,1993,"194,500$"
239,7,1694,1694,3,818.0,VG,2007,"318,000$"
240,7,1487,798,1,220.0,AA,1945,"113,000$"
241,7,1566,1566,2,750.0,VG,2008,"262,500$"
242,4,866,866,0,0.0,Av,1945,"110,500$"
243,6,1440,889,1,352.0,Av,1900,"79,000$"
244,6,1217,626,1,288.0,AA,1980,"120,000$"
245,8,2110,1222,2,463.0,Gd,1994,"205,000$"
246,6,1872,1872,2,604.0,Gd,1988,"241,500$"
247,9,1928,908,1,440.0,AA,1910,"137,000$"
248,5,1375,1375,2,451.0,AA,1954,"140,000$"
249,8,1668,840,2,500.0,Gd,2003,"180,000$"
250,7,2144,1444,2,389.0,AA,1958,"277,000$"
251,6,1306,1306,0,0.0,Fa,1940,"76,500$"
252,5,1625,1625,2,538.0,VG,2006,"235,000$"
253,6,1640,798,2,520.0,AA,2004,"173,000$"
254,7,1302,1302,1,309.0,AA,1964,"158,000$"
255,5,1314,1314,1,294.0,Av,1957,"145,000$"
256,8,2291,1005,2,429.0,Gd,1999,"230,000$"
257,7,1728,864,2,673.0,AA,2003,"207,500$"
258,8,1604,1604,2,660.0,Gd,2006,"220,000$"
259,7,1792,963,2,564.0,Gd,2001,"231,500$"
260,4,882,882,1,308.0,Av,1956,"97,000$"
261,6,1382,1382,2,884.0,AA,1962,"176,000$"
262,10,2574,1482,3,868.0,VG,2007,"276,000$"
263,6,1212,1212,2,492.0,AA,1977,"151,000$"
264,6,1316,926,2,484.0,Av,1929,"130,000$"
265,4,764,764,2,504.0,Av,1925,"73,000$"
266,7,1422,1422,2,576.0,AA,1981,"175,500$"
267,8,1511,802,2,413.0,AA,1997,"185,000$"
268,8,2192,1052,1,240.0,Av,1939,"179,500$"
269,4,778,778,1,924.0,Av,1940,"120,500$"
270,6,1113,1113,1,504.0,AA,1976,"148,000$"
271,8,1939,1095,3,1053.0,VG,2006,"266,000$"
272,5,1363,1363,2,439.0,Gd,1954,"241,500$"
273,9,2270,1164,3,671.0,VG,1999,"290,000$"
274,6,1632,1632,1,338.0,AA,1958,"139,000$"
275,5,816,816,1,264.0,Av,1982,"124,500$"
276,5,1548,952,2,672.0,Gd,1925,"205,000$"
277,7,1560,1560,2,573.0,Gd,2003,"201,000$"
278,4,864,864,2,400.0,BA,1951,"141,000$"
279,8,2121,2121,3,732.0,Ex,2006,"415,298$"
280,8,2022,1156,2,505.0,Gd,1977,"192,000$"
281,7,1982,1175,2,575.0,Gd,1989,"228,500$"
282,5,1262,1262,2,572.0,AA,2006,"185,000$"
283,6,1314,1314,2,626.0,Gd,2007,"207,500$"
284,6,1468,1468,3,898.0,VG,2008,"244,600$"
285,5,1575,1575,2,529.0,AA,1992,"179,200$"
286,5,1250,625,2,528.0,Gd,2006,"164,700$"
287,7,1734,1085,2,440.0,AA,1962,"159,000$"
288,5,858,858,0,0.0,BA,1971,"88,000$"
289,5,900,900,1,280.0,Av,1967,"122,000$"
290,7,1396,698,1,384.0,AA,1915,"153,575$"
291,8,1919,1079,2,685.0,VG,2006,"233,230$"
292,9,1716,936,0,0.0,Av,1912,"135,900$"
293,8,1716,1148,1,281.0,Av,1949,"131,000$"
294,9,2263,1468,2,539.0,Gd,1977,"235,000$"
295,7,1644,1644,2,418.0,AA,1953,"167,000$"
296,6,1003,1003,2,588.0,AA,1984,"142,500$"
297,6,1558,910,1,282.0,Av,1950,"152,000$"
298,7,1950,975,2,576.0,Gd,1997,"239,000$"
299,7,1743,1041,2,539.0,AA,1968,"175,000$"
300,6,1152,1152,1,300.0,AA,1950,"158,500$"
301,5,1336,1336,1,375.0,Av,1953,"157,000$"
302,9,2452,1210,2,683.0,VG,1998,"267,000$"
303,6,1541,1541,3,843.0,Gd,2001,"205,000$"
304,5,894,894,2,552.0,Av,1972,"149,900$"
305,10,3493,1675,3,870.0,Gd,1880,"295,000$"
306,8,2000,2000,3,888.0,VG,2004,"305,900$"
307,8,2243,1122,3,746.0,Gd,1990,"225,000$"
308,6,1406,1035,0,0.0,AA,1920,"89,500$"
309,4,861,861,2,539.0,BA,1940,"82,500$"
310,8,1944,1944,3,708.0,Ex,2003,"360,000$"
311,6,1501,697,2,420.0,AA,1993,"165,600$"
312,5,972,972,1,240.0,AA,1948,"132,000$"
313,5,1118,793,2,410.0,Av,1939,"119,900$"
314,8,2036,2036,2,513.0,Gd,1965,"375,000$"
315,6,1641,832,2,546.0,Gd,1925,"178,000$"
316,6,1432,716,2,432.0,Gd,2004,"188,500$"
317,10,2353,1153,2,484.0,Gd,1980,"260,000$"
318,8,1959,1088,3,1025.0,VG,2006,"270,000$"
319,9,2646,1372,3,656.0,Gd,1993,"260,000$"
320,6,1472,1472,2,588.0,Gd,1980,"187,500$"
321,9,2596,1249,3,840.0,Ex,2006,"342,643$"
322,10,2468,1136,3,872.0,VG,2004,"354,000$"
323,8,2730,1553,2,576.0,Gd,1986,"301,000$"
324,6,1163,1163,1,220.0,Fa,1955,"126,175$"
325,11,2978,1898,2,564.0,Gd,1967,"242,000$"
326,5,803,803,2,360.0,Av,1941,"87,000$"
327,6,1719,1719,2,473.0,VG,1993,"324,000$"
328,7,1383,1383,1,292.0,AA,1960,"145,250$"
329,10,2134,1445,2,441.0,AA,1916,"214,500$"
330,6,1192,596,1,189.0,Av,1920,"78,000$"
331,10,1728,1728,1,352.0,Av,1964,"119,000$"
332,6,1056,1056,1,308.0,Av,1958,"139,000$"
333,7,1629,1629,3,880.0,VG,2003,"284,000$"
334,6,1358,1358,2,484.0,Gd,2004,"207,000$"
335,7,1638,943,2,472.0,AA,1998,"192,000$"
336,7,1786,1619,2,529.0,Av,1965,"228,950$"
337,8,1922,1922,3,676.0,Ex,2005,"377,426$"
338,7,1536,1536,2,532.0,Gd,2002,"214,000$"
339,8,1621,1621,2,440.0,Gd,1984,"202,500$"
340,6,1215,1215,1,297.0,AA,1958,"155,000$"
341,9,1908,993,2,431.0,VG,2002,"202,900$"
342,4,841,841,1,294.0,BA,1950,"82,000$"
343,6,1040,1040,2,400.0,Fa,1949,"87,500$"
344,6,1684,1684,2,564.0,Ex,2005,"266,000$"
345,4,1112,536,1,336.0,Av,1976,"85,000$"
346,6,1577,972,1,312.0,AA,1939,"140,200$"
347,5,958,958,1,301.0,AA,1960,"151,500$"
348,6,1478,1478,2,498.0,AA,1960,"157,500$"
349,6,1626,764,2,474.0,Gd,2003,"154,000$"
350,10,2728,1848,3,706.0,Ex,2005,"437,154$"
351,6,1869,1869,2,617.0,Ex,2007,"318,061$"
352,6,1453,1453,2,445.0,Gd,1986,"190,000$"
353,5,1111,616,1,200.0,Av,1941,"95,000$"
354,5,720,720,2,484.0,AA,1928,"105,900$"
355,6,1595,1192,1,240.0,AA,1940,"140,000$"
356,6,1200,1200,2,521.0,AA,1995,"177,500$"
357,6,1167,1167,2,400.0,AA,1992,"173,000$"
358,6,1142,1142,2,528.0,Av,1976,"134,000$"
359,6,1352,1352,1,288.0,Av,1958,"130,000$"
360,7,1924,1086,2,592.0,VG,1998,"280,000$"
361,5,912,912,2,470.0,AA,1978,"156,000$"
362,8,1505,988,1,240.0,Av,1940,"145,000$"
363,7,1922,495,2,672.0,Gd,2003,"198,500$"
364,5,987,483,1,264.0,AA,1972,"118,000$"
365,6,1574,790,2,566.0,AA,1976,"190,000$"
366,6,1344,672,1,468.0,Av,1920,"147,000$"
367,6,1394,1394,2,514.0,AA,1963,"159,000$"
368,6,1431,1431,1,296.0,AA,1962,"165,000$"
369,7,1268,1268,1,244.0,Av,1954,"132,000$"
370,7,1287,1287,2,576.0,Av,1959,"162,000$"
371,7,1664,953,2,460.0,AA,2000,"172,400$"
372,7,1588,1120,2,680.0,BA,1959,"134,432$"
373,4,752,752,1,264.0,AA,1984,"125,000$"
374,5,1319,1319,1,270.0,Av,1953,"123,000$"
375,8,1928,847,2,434.0,Gd,2003,"219,500$"
376,4,904,904,0,0.0,VP,1922,"61,000$"
377,5,914,914,2,576.0,Av,1996,"148,000$"
378,8,2466,1580,2,610.0,VG,2004,"340,000$"
379,8,1856,1856,3,834.0,Ex,2010,"394,432$"
380,7,1800,1007,2,463.0,AA,2000,"179,000$"
381,6,1691,1026,1,308.0,Av,1924,"127,000$"
382,5,1301,1301,2,572.0,Gd,2006,"187,750$"
383,8,1797,939,2,639.0,Gd,2006,"213,500$"
384,5,784,784,2,360.0,AA,1928,"76,000$"
385,9,1953,1079,2,501.0,AA,1992,"240,000$"
386,6,1269,1269,2,430.0,VG,2004,"192,000$"
387,8,1184,658,0,0.0,Av,1910,"81,000$"
388,6,1125,1125,1,352.0,AA,1976,"125,000$"
389,6,1479,1479,2,577.0,Gd,1999,"191,000$"
390,9,2332,1742,3,846.0,VE,2007,"426,000$"
391,7,1367,961,1,384.0,Av,1900,"119,000$"
392,7,1961,804,2,560.0,AA,2001,"215,000$"
393,5,882,882,1,294.0,Av,1959,"106,500$"
394,4,788,788,0,0.0,BA,1941,"100,000$"
395,5,1034,735,1,240.0,Av,1940,"109,000$"
396,6,1144,1144,1,596.0,Av,1956,"129,000$"
397,6,894,894,2,600.0,Av,1972,"123,000$"
398,8,1812,876,1,264.0,Av,1962,"169,500$"
399,6,1077,1077,1,338.0,Av,1920,"67,000$"
400,7,1550,1112,2,438.0,Gd,2006,"241,000$"
401,4,1288,1288,2,500.0,VG,1996,"245,500$"
402,6,1310,1310,2,400.0,Gd,2005,"164,990$"
403,4,672,672,1,240.0,Av,1940,"108,000$"
404,10,2263,1165,2,420.0,VG,1998,"258,000$"
405,7,1572,806,2,373.0,AA,1995,"168,000$"
406,8,1620,1620,2,490.0,BA,1976,"150,000$"
407,6,1639,1166,1,240.0,AA,1936,"115,000$"
408,8,1680,840,1,308.0,AA,1915,"177,000$"
409,9,2172,1071,3,947.0,Gd,2006,"280,000$"
410,8,2078,1050,3,836.0,VG,2007,"339,750$"
411,5,1276,1276,1,350.0,Av,1958,"60,000$"
412,5,1056,1056,2,572.0,Av,1955,"145,000$"
413,7,1478,1478,2,484.0,Gd,2009,"222,000$"
414,5,1028,1028,2,360.0,Av,1927,"115,000$"
415,9,2097,1080,3,678.0,Gd,1993,"228,000$"
416,6,1340,1340,2,396.0,Gd,2007,"181,134$"
417,6,1400,672,2,440.0,AA,1978,"149,500$"
418,10,2624,1370,3,864.0,AA,1918,"239,000$"
419,7,1134,756,1,240.0,Av,1940,"126,000$"
420,6,1056,1056,1,304.0,Av,1968,"142,000$"
421,8,1344,1344,4,784.0,Gd,1997,"206,300$"
422,8,1602,1602,2,529.0,AA,1977,"215,000$"
423,4,988,988,2,520.0,Av,1954,"113,000$"
424,8,2630,1470,3,696.0,VG,1998,"315,000$"
425,6,1196,1196,1,297.0,AA,1956,"139,000$"
426,6,1389,707,1,240.0,Gd,1946,"135,000$"
427,5,1644,1644,2,569.0,Gd,1989,"275,000$"
428,5,907,907,1,352.0,BA,1957,"109,008$"
429,6,1208,1208,2,628.0,Gd,2007,"195,400$"
430,6,1412,1412,2,576.0,AA,1988,"175,000$"
431,4,987,483,1,264.0,AA,1971,"85,400$"
432,7,1198,1088,0,0.0,AA,1920,"79,900$"
433,6,1365,765,2,440.0,Av,1971,"122,500$"
434,7,1604,926,2,470.0,AA,1997,"181,000$"
435,3,630,630,0,0.0,BA,1972,"81,000$"
436,6,1661,827,2,550.0,Gd,1996,"212,000$"
437,6,1118,734,2,440.0,AA,1920,"116,000$"
438,4,904,904,1,180.0,AA,1926,"119,000$"
439,4,694,694,1,352.0,Av,1913,"90,350$"
440,7,1196,684,2,528.0,AA,1920,"110,000$"
441,10,2402,2402,3,672.0,VE,2008,"555,000$"
442,8,1440,1440,0,0.0,BA,1955,"118,000$"
443,8,1573,1128,2,360.0,Av,1930,"162,900$"
444,6,1258,1258,3,648.0,Gd,2006,"172,500$"
445,8,1908,933,2,493.0,Gd,1994,"210,000$"
446,7,1689,1689,2,480.0,AA,1956,"127,500$"
447,6,1888,1888,2,578.0,AA,1966,"190,000$"
448,10,1886,956,2,431.0,Gd,1998,"199,900$"
449,7,1376,780,1,198.0,AA,1937,"119,500$"
450,6,1183,679,1,308.0,Fa,1948,"120,000$"
451,5,813,813,1,270.0,AA,1930,"110,000$"
452,5,1533,1533,2,576.0,Gd,1975,"280,000$"
453,7,1756,888,2,422.0,AA,1996,"204,000$"
454,6,1590,786,2,676.0,VG,2008,"210,000$"
455,8,1728,1728,2,560.0,Av,1976,"188,000$"
456,6,1242,1242,2,528.0,Gd,1973,"175,500$"
457,7,1344,624,3,513.0,Av,1916,"98,000$"
458,6,1663,1663,2,529.0,BA,1954,"256,000$"
459,7,1666,833,1,228.0,VG,1925,"161,000$"
460,5,1203,979,1,352.0,Av,1950,"110,000$"
461,8,1935,832,2,552.0,VG,2009,"263,435$"
462,6,1135,575,2,576.0,Gd,1936,"155,000$"
463,5,864,864,1,360.0,Av,1965,"62,383$"
464,6,1660,849,1,240.0,AA,1934,"188,700$"
465,5,1040,1040,0,0.0,Av,1978,"124,000$"
466,6,1414,1414,2,398.0,Gd,2004,"178,740$"
467,5,1277,1277,2,526.0,Gd,1970,"167,000$"
468,7,1644,888,1,312.0,Av,1942,"146,500$"
469,7,1634,1634,3,866.0,VG,2006,"250,000$"
470,7,1710,832,2,506.0,AA,1993,"187,000$"
471,4,1502,1502,2,528.0,VG,1985,"212,000$"
472,8,1969,1161,2,534.0,Gd,1977,"190,000$"
473,5,1072,1072,2,525.0,AA,2005,"148,000$"
474,7,1976,1976,3,908.0,VG,2006,"440,000$"
475,6,1652,1652,2,499.0,VG,2000,"251,000$"
476,5,970,970,2,624.0,Av,1963,"132,500$"
477,7,1493,1493,2,508.0,AA,1997,"208,900$"
478,9,2643,2069,3,694.0,Ex,2006,"380,000$"
479,7,1718,1718,3,826.0,VG,2007,"297,000$"
480,7,1131,1131,2,672.0,BA,1937,"89,471$"
481,8,1850,1850,3,772.0,Ex,2004,"326,000$"
482,6,1792,1792,3,874.0,Ex,2003,"374,000$"
483,7,1826,916,1,164.0,Gd,1915,"155,000$"
484,5,1216,1216,2,402.0,AA,1998,"164,000$"
485,6,999,999,1,264.0,Av,1962,"132,500$"
486,5,1113,1113,1,264.0,Av,1950,"147,000$"
487,6,1073,1073,2,515.0,Av,1965,"156,000$"
488,7,1484,1484,2,487.0,Av,1971,"175,000$"
489,10,2414,1766,2,520.0,Av,1900,"160,000$"
490,3,630,630,1,286.0,BA,1970,"86,000$"
491,4,1304,616,1,336.0,Av,1976,"115,000$"
492,5,1578,958,1,240.0,AA,1941,"133,000$"
493,8,1456,728,2,429.0,AA,2006,"172,785$"
494,6,1269,1269,1,308.0,Av,1960,"155,000$"
495,4,886,886,1,273.0,Av,1938,"91,300$"
496,4,720,720,0,0.0,BA,1920,"34,900$"
497,10,3228,3228,2,546.0,VG,1992,"430,000$"
498,8,1820,1133,1,240.0,Gd,1925,"184,000$"
499,5,899,899,1,288.0,Av,1967,"130,000$"
500,5,912,912,1,297.0,Av,1958,"120,000$"
501,7,1218,672,1,264.0,AA,1973,"113,000$"
502,7,1768,866,2,603.0,Gd,2005,"226,700$"
503,6,1214,1214,2,461.0,Av,1965,"140,000$"
504,6,1801,1801,2,484.0,Gd,1959,"289,000$"
505,6,1322,855,2,440.0,AA,1974,"147,000$"
506,10,1960,960,2,400.0,Av,1952,"124,500$"
507,8,1911,1065,2,471.0,VG,1993,"215,000$"
508,4,1218,1218,2,676.0,AA,2009,"208,300$"
509,7,1378,689,2,360.0,Gd,1928,"161,000$"
510,6,1041,1041,1,270.0,Av,1959,"124,500$"
511,6,1363,1363,1,288.0,Av,1951,"164,900$"
512,6,1368,1368,2,474.0,Gd,2005,"202,665$"
513,5,864,864,2,624.0,Av,1958,"129,900$"
514,5,1080,1080,2,484.0,AA,1983,"134,000$"
515,5,789,789,1,200.0,Av,1926,"96,500$"
516,9,2020,2020,3,900.0,VE,2009,"402,861$"
517,7,2119,1378,2,583.0,AA,1972,"158,000$"
518,7,2344,1277,3,889.0,Gd,1996,"265,000$"
519,7,1796,882,2,546.0,AA,1998,"211,000$"
520,9,2080,1276,1,282.0,Gd,1926,"234,000$"
521,7,1294,694,0,0.0,BA,1900,"106,250$"
522,6,1244,1244,1,336.0,AA,1957,"150,000$"
523,7,1664,1004,2,420.0,AA,1947,"159,000$"
524,11,4676,3138,3,884.0,VE,2007,"184,750$"
525,8,2398,1383,3,834.0,Gd,1996,"315,750$"
526,6,1266,1266,2,453.0,Gd,2005,"176,000$"
527,4,928,928,1,252.0,Av,1956,"132,000$"
528,11,2713,1476,3,858.0,Ex,2008,"446,261$"
529,5,605,605,0,0.0,BA,1920,"86,000$"
530,9,2515,2515,2,484.0,AA,1957,"200,624$"
531,5,1509,1509,2,600.0,AA,1988,"175,000$"
532,6,1362,751,2,502.0,AA,1920,"128,000$"
533,5,827,827,1,392.0,Av,1955,"107,500$"
534,2,334,334,0,0.0,VP,1946,"39,300$"
535,6,1414,707,2,403.0,VG,2004,"178,000$"
536,5,1347,820,0,0.0,Av,1910,"107,500$"
537,8,1724,880,2,527.0,Gd,1998,"188,000$"
538,5,864,864,2,576.0,BA,1972,"111,250$"
539,7,1159,1159,1,336.0,Av,1968,"158,000$"
540,6,1601,1601,2,670.0,VG,2001,"272,000$"
541,8,1838,1838,3,765.0,Ex,2006,"315,000$"
542,8,2285,997,3,648.0,VG,2000,"248,000$"
543,7,1680,1680,2,583.0,Gd,1998,"213,250$"
544,4,767,767,1,367.0,Gd,1998,"133,000$"
545,7,1496,664,2,426.0,Gd,2006,"179,665$"
546,9,2183,1377,3,786.0,Gd,1988,"229,000$"
547,6,1635,915,2,440.0,AA,1923,"210,000$"
548,5,768,768,2,624.0,Av,1970,"129,500$"
549,4,825,825,2,720.0,Av,1955,"125,000$"
550,8,2094,912,2,615.0,Gd,2003,"263,000$"
551,4,1069,1069,2,440.0,AA,1977,"140,000$"
552,5,928,928,1,288.0,Av,1957,"112,500$"
553,7,1717,1717,3,908.0,VG,2006,"255,500$"
554,5,1126,1126,2,520.0,BA,1949,"108,000$"
555,8,2046,1006,3,871.0,Gd,2003,"284,000$"
556,5,1048,1048,1,280.0,Av,1922,"113,000$"
557,6,1092,1092,1,299.0,Av,1957,"141,000$"
558,7,1336,897,1,570.0,BA,1920,"108,000$"
559,6,1446,729,2,406.0,Gd,1996,"175,000$"
560,7,1557,1557,2,420.0,Gd,2003,"234,000$"
561,5,1392,1392,2,528.0,Av,1957,"121,500$"
562,6,1389,1389,2,418.0,Av,1974,"170,000$"
563,6,996,996,0,0.0,Av,1940,"108,000$"
564,8,1674,1163,2,396.0,AA,1918,"185,000$"
565,9,2295,1166,2,590.0,Gd,1992,"268,000$"
566,6,1647,841,1,216.0,AA,1915,"128,000$"
567,11,2504,1134,3,656.0,Ex,2005,"325,000$"
568,7,1535,1535,2,532.0,Gd,2004,"214,000$"
569,5,2132,1496,2,612.0,VG,1983,"316,600$"
570,4,943,943,2,600.0,Av,1979,"135,960$"
571,10,1728,1728,2,576.0,Av,1965,"142,600$"
572,4,864,864,1,288.0,AA,1959,"120,000$"
573,6,1692,846,2,650.0,Gd,2009,"224,500$"
574,8,1430,774,2,400.0,Gd,2000,"170,000$"
575,5,1109,576,1,288.0,Av,1971,"139,000$"
576,6,1216,832,1,336.0,Av,1947,"118,500$"
577,6,1477,877,1,216.0,Gd,1928,"145,000$"
578,6,1320,1320,2,564.0,Av,1966,"164,500$"
579,5,1392,703,2,540.0,Gd,2007,"146,000$"
580,7,1795,1050,1,352.0,Av,1954,"131,500$"
581,7,1429,1429,2,572.0,AA,1960,"181,900$"
582,8,2042,2042,3,1390.0,VG,2008,"253,293$"
583,5,816,816,0,0.0,AA,1990,"118,500$"
584,9,2775,1521,2,880.0,VE,1893,"325,000$"
585,6,1573,989,1,240.0,BA,1935,"133,000$"
586,7,2028,2028,3,880.0,VG,2005,"369,900$"
587,5,838,838,1,275.0,AA,1918,"130,000$"
588,4,860,860,2,528.0,Av,1982,"137,000$"
589,5,1473,1473,1,452.0,Av,1968,"143,000$"
590,4,935,779,1,308.0,Av,1930,"79,500$"
591,6,1582,770,2,520.0,Gd,2004,"185,900$"
592,10,2296,1728,3,842.0,VE,2008,"451,950$"
593,4,816,816,2,816.0,Av,1982,"138,000$"
594,4,848,848,2,420.0,AA,2003,"140,000$"
595,5,924,924,1,280.0,Av,1975,"110,000$"
596,7,1826,1826,3,758.0,VG,2005,"319,000$"
597,7,1368,684,1,216.0,AA,1910,"114,504$"
598,7,1402,1402,3,648.0,Gd,2006,"194,201$"
599,7,1647,1647,2,621.0,Av,1977,"217,500$"
600,6,1556,716,2,452.0,AA,1980,"151,000$"
601,8,1904,1058,2,736.0,VG,2005,"275,000$"
602,6,1375,780,1,544.0,AA,1937,"141,000$"
603,8,1915,927,2,506.0,VG,1992,"220,000$"
604,4,1200,600,2,480.0,Gd,2004,"151,000$"
605,6,1494,1494,2,530.0,Gd,2002,"221,000$"
606,7,1986,1186,2,486.0,Gd,1965,"205,000$"
607,6,1040,1040,2,576.0,Av,1996,"152,000$"
608,8,2008,1112,1,230.0,Av,1948,"225,000$"
609,10,3194,1940,2,380.0,VG,1934,"359,100$"
610,5,1029,1029,1,261.0,BA,1961,"118,500$"
611,8,2153,1476,3,736.0,Ex,2000,"313,000$"
612,6,1032,1032,2,564.0,AA,1978,"148,000$"
613,7,1872,1299,2,531.0,VG,2001,"261,500$"
614,6,1120,1120,0,0.0,Av,2007,"147,000$"
615,3,630,630,0,0.0,BA,1972,"75,500$"
616,6,1054,1054,2,480.0,AA,1963,"137,500$"
617,7,1509,807,2,393.0,AA,2002,"183,200$"
618,4,832,832,2,528.0,AA,1954,"105,500$"
619,9,1828,1828,3,774.0,Ex,2007,"314,813$"
620,10,2262,1482,3,749.0,VG,2003,"305,000$"
621,5,864,864,0,0.0,Fa,1914,"67,000$"
622,9,2614,1548,2,624.0,AA,1974,"240,000$"
623,6,980,980,2,484.0,Av,1977,"135,000$"
624,4,1512,756,2,440.0,AA,2000,"168,500$"
625,8,1790,1012,2,484.0,AA,1972,"165,150$"
626,5,1116,1116,2,440.0,AA,1962,"160,000$"
627,6,1422,1422,1,286.0,Av,1960,"139,900$"
628,7,1520,1520,1,364.0,AA,1955,"153,000$"
629,9,2080,1040,2,504.0,Av,1969,"135,000$"
630,6,1350,1350,2,520.0,AA,1964,"168,500$"
631,8,1750,1089,1,240.0,Av,1880,"124,000$"
632,6,1554,1554,2,627.0,VG,2006,"209,500$"
633,6,1411,1411,2,544.0,Gd,1977,"82,500$"
634,6,1056,1056,1,260.0,Av,1954,"139,400$"
635,4,1056,1056,2,576.0,AA,1980,"144,000$"
636,14,3395,1440,0,0.0,AA,1914,"200,000$"
637,4,800,800,0,0.0,Po,1936,"60,000$"
638,7,1387,811,1,256.0,Av,1954,"93,000$"
639,4,796,796,0,0.0,Av,1910,"85,000$"
640,7,1567,1567,3,648.0,VG,2006,"264,561$"
641,6,1518,1518,2,588.0,VG,2003,"274,000$"
642,7,1929,1057,2,650.0,Gd,2001,"226,000$"
643,9,2704,2000,2,538.0,VG,1972,"345,000$"
644,7,1620,780,2,462.0,Av,1969,"152,000$"
645,7,1766,1766,3,478.0,Ex,2009,"370,878$"
646,5,981,981,2,576.0,AA,1971,"143,250$"
647,7,1048,1048,2,420.0,Av,1950,"98,300$"
648,5,1094,1094,2,495.0,AA,1953,"155,000$"
649,7,1839,1051,2,442.0,AA,1966,"155,000$"
650,3,630,630,0,0.0,BA,1970,"84,500$"
651,7,1665,822,2,562.0,Gd,2007,"205,950$"
652,7,1510,755,1,296.0,BA,1940,"108,000$"
653,7,1716,909,2,512.0,Gd,1996,"191,000$"
654,7,1469,756,1,216.0,AA,1906,"135,000$"
655,7,2113,2113,3,839.0,VG,1995,"350,000$"
656,6,1092,525,1,264.0,AA,1971,"88,000$"
657,5,1053,1053,1,312.0,Av,1959,"145,500$"
658,6,1502,851,1,270.0,Gd,1931,"149,000$"
659,6,1458,912,1,330.0,AA,1948,"97,500$"
660,7,1486,1486,2,480.0,Av,1964,"167,000$"
661,7,1935,1142,2,550.0,Gd,1976,"197,900$"
662,8,2448,1686,3,711.0,VG,1994,"402,000$"
663,5,1392,1392,2,576.0,AA,1968,"110,000$"
664,6,1181,1181,2,588.0,BA,1972,"137,500$"
665,8,2097,2097,3,1134.0,VG,2005,"423,000$"
666,7,1936,1454,2,504.0,VG,2000,"230,500$"
667,7,2380,1465,2,596.0,AA,1965,"129,000$"
668,7,1679,1679,2,575.0,AA,1994,"193,500$"
669,6,1437,1437,2,576.0,Av,1956,"168,000$"
670,5,1180,1180,1,252.0,BA,1922,"137,500$"
671,7,1476,738,2,540.0,AA,2005,"173,500$"
672,6,1369,697,1,300.0,AA,1925,"103,600$"
673,6,1208,1208,2,546.0,AA,1977,"165,000$"
674,7,1839,1839,2,416.0,AA,1957,"257,500$"
675,5,1136,1136,1,384.0,AA,1965,"140,000$"
676,7,1441,855,2,440.0,AA,1978,"148,500$"
677,8,1774,1095,3,779.0,BA,1900,"87,000$"
678,5,792,792,1,240.0,Av,1924,"109,500$"
679,7,2046,2046,3,834.0,VG,2008,"372,500$"
680,5,988,988,2,572.0,Av,1961,"128,500$"
681,5,923,923,1,264.0,AA,1980,"143,000$"
682,6,1520,848,1,281.0,Av,1932,"159,434$"
683,6,1291,1291,2,431.0,AA,1996,"173,000$"
684,7,1668,1668,3,702.0,Ex,2002,"285,000$"
685,7,1839,1195,2,486.0,Gd,1998,"221,000$"
686,6,2090,1190,2,577.0,Gd,1984,"207,500$"
687,7,1761,874,2,578.0,Gd,2007,"227,875$"
688,4,1102,551,2,480.0,Gd,2004,"148,800$"
689,7,1419,1419,2,567.0,VG,2007,"392,000$"
690,6,1362,1362,2,460.0,AA,2005,"194,700$"
691,3,848,848,2,420.0,AA,2004,"141,000$"
692,10,4316,2444,3,832.0,VE,1994,"755,000$"
693,9,2519,1238,2,628.0,Gd,1989,"335,000$"
694,4,1073,1073,1,326.0,Av,1921,"108,480$"
695,5,1539,1067,2,576.0,Av,1936,"141,500$"
696,5,1137,1137,2,551.0,AA,1987,"176,000$"
697,4,616,616,1,205.0,Av,1921,"89,000$"
698,6,1148,1148,1,308.0,Av,1952,"123,500$"
699,5,894,894,1,336.0,Av,1965,"138,500$"
700,5,1391,1391,2,530.0,Gd,2004,"196,000$"
701,7,1800,1800,3,765.0,VG,2002,"312,500$"
702,6,1164,1164,2,528.0,Gd,1969,"140,000$"
703,10,2576,1264,3,666.0,VG,2006,"361,919$"
704,8,1812,1032,2,672.0,Av,1900,"140,000$"
705,7,1484,1484,2,606.0,Gd,2004,"213,000$"
706,7,1092,372,0,0.0,BA,1930,"55,000$"
707,5,1824,1824,2,739.0,Gd,1971,"302,000$"
708,6,1324,1324,2,550.0,VG,2006,"254,000$"
709,8,1456,728,2,400.0,Gd,2007,"179,540$"
710,6,904,904,1,408.0,Av,1966,"109,900$"
711,5,729,729,0,0.0,Fa,1935,"52,000$"
712,7,1178,859,1,384.0,BA,1900,"102,776$"
713,5,1228,1228,2,472.0,VG,1988,"189,000$"
714,6,960,960,2,576.0,BA,1970,"129,000$"
715,6,1479,725,2,475.0,AA,1976,"130,500$"
716,7,1350,1350,2,478.0,AA,1974,"165,000$"
717,8,2554,1576,2,704.0,Gd,1890,"159,500$"
718,5,1178,1178,2,439.0,Av,1973,"157,000$"
719,9,2418,1325,3,983.0,Gd,1993,"341,000$"
720,5,971,971,1,300.0,Av,1969,"128,500$"
721,5,1742,1742,2,564.0,VG,1985,"275,000$"
722,3,848,848,2,420.0,AA,2004,"143,000$"
723,5,864,864,2,463.0,BA,1970,"124,500$"
724,7,1470,997,1,548.0,BA,1954,"135,000$"
725,8,1698,1698,3,768.0,Ex,2007,"320,000$"
726,5,864,864,2,660.0,BA,1970,"120,500$"
727,5,1680,1680,2,540.0,AA,1988,"222,000$"
728,6,1232,1232,2,632.0,Gd,2007,"194,500$"
729,9,1776,1776,3,888.0,Av,1958,"110,000$"
730,5,1208,848,2,539.0,BA,1925,"103,000$"
731,5,1616,1616,2,608.0,VG,1995,"236,500$"
732,6,1146,1146,2,438.0,Gd,2003,"187,500$"
733,8,2031,1153,2,541.0,Gd,1998,"222,500$"
734,6,1144,1144,1,264.0,Av,1961,"131,400$"
735,6,948,948,1,300.0,Av,1968,"108,000$"
736,6,1768,880,2,320.0,Gd,1914,"163,000$"
737,6,1040,1040,2,400.0,Fa,1950,"93,500$"
738,8,1801,901,3,800.0,VG,2005,"239,900$"
739,5,1200,1200,0,0.0,Av,1987,"179,000$"
740,7,1728,864,2,572.0,Gd,2004,"190,000$"
741,7,1432,768,2,360.0,Av,1910,"132,000$"
742,5,912,912,1,288.0,AA,1961,"142,000$"
743,6,1349,1349,2,539.0,Gd,2000,"179,000$"
744,6,1464,1464,2,480.0,Av,1963,"175,000$"
745,5,1337,1337,2,462.0,VG,1993,"180,000$"
746,11,2715,1175,2,831.0,VG,1976,"299,800$"
747,8,2256,980,2,554.0,Gd,2000,"236,000$"
748,8,2640,1320,4,864.0,Gd,1880,"265,979$"
749,7,1720,1720,2,527.0,Gd,1996,"260,400$"
750,9,1529,1088,1,240.0,BA,1945,"98,000$"
751,7,1140,792,0,0.0,BA,1910,"96,500$"
752,6,1320,660,2,400.0,Gd,2003,"162,000$"
753,6,1494,1494,2,576.0,AA,1997,"217,000$"
754,8,2098,1038,3,878.0,VG,2005,"275,500$"
755,5,1026,1026,2,440.0,AA,1969,"156,000$"
756,6,1471,742,2,440.0,AA,1999,"172,500$"
757,7,1768,866,2,578.0,VG,2007,"212,000$"
758,6,1386,672,2,440.0,AA,1978,"158,900$"
759,6,1501,757,2,440.0,Gd,1999,"179,400$"
760,9,2531,1328,3,752.0,VG,1995,"290,000$"
761,5,864,864,1,300.0,AA,1959,"127,500$"
762,5,1301,1301,2,440.0,Av,1924,"100,000$"
763,7,1547,764,2,614.0,Gd,2009,"215,200$"
764,8,2365,1268,3,856.0,VG,1999,"337,000$"
765,6,1494,1494,2,481.0,VG,1995,"270,000$"
766,6,1506,1506,2,592.0,Ex,2008,"264,132$"
767,7,1714,980,2,496.0,Gd,1988,"196,500$"
768,7,1750,983,1,423.0,AA,1940,"160,000$"
769,8,1836,1836,2,484.0,Gd,2004,"216,837$"
770,12,3279,1690,3,841.0,VG,2003,"538,000$"
771,5,858,858,2,576.0,Av,1982,"134,900$"
772,6,1220,1220,2,396.0,BA,1951,"102,000$"
773,6,1117,1117,2,672.0,AA,1976,"107,000$"
774,5,912,912,1,275.0,Av,1958,"114,500$"
775,9,1973,1973,3,895.0,VG,2006,"395,000$"
776,5,1204,1204,2,412.0,AA,1998,"162,000$"
777,7,1614,1614,3,865.0,Gd,2005,"221,500$"
778,5,894,894,2,440.0,Av,1974,"142,500$"
779,10,2020,2020,2,630.0,Av,1977,"144,000$"
780,4,1004,1004,2,504.0,AA,1977,"135,000$"
781,6,1253,1253,2,402.0,Gd,1995,"176,000$"
782,7,1603,810,2,484.0,AA,1992,"175,900$"
783,6,1430,1430,2,605.0,Gd,2001,"187,100$"
784,4,1110,1110,2,602.0,Av,1978,"165,500$"
785,9,1484,742,0,0.0,AA,1914,"128,000$"
786,7,1342,1342,2,457.0,AA,1967,"161,500$"
787,7,1652,966,1,416.0,Av,1915,"139,000$"
788,8,2084,956,2,618.0,Gd,2004,"233,000$"
789,4,901,901,1,281.0,BA,1954,"107,900$"
790,9,2087,976,2,444.0,AA,1966,"187,500$"
791,5,1145,1145,2,397.0,Gd,2005,"160,200$"
792,5,1062,1062,2,539.0,AA,1976,"146,800$"
793,8,2013,1127,2,455.0,Gd,1996,"269,790$"
794,7,1496,1496,2,474.0,VG,2007,"225,000$"
795,7,1895,1086,2,409.0,Gd,1994,"194,500$"
796,7,1564,888,2,476.0,AA,1980,"171,000$"
797,7,1285,1285,2,528.0,AA,1977,"143,500$"
798,4,773,773,1,240.0,Av,1953,"110,000$"
799,11,3140,1966,3,820.0,Ex,2008,"485,000$"
800,7,1768,981,1,240.0,Av,1937,"175,000$"
801,8,1688,616,2,603.0,AA,1997,"200,000$"
802,5,1196,1196,2,440.0,BA,1916,"109,900$"
803,7,1456,728,2,410.0,Gd,2005,"189,000$"
804,12,2822,1734,3,1020.0,Ex,2008,"582,933$"
805,5,1128,1128,1,286.0,Av,1954,"118,000$"
806,6,1428,1428,2,554.0,Gd,2008,"227,680$"
807,6,980,980,1,384.0,Av,1967,"135,500$"
808,6,1576,1072,2,528.0,Av,1923,"223,500$"
809,6,1086,1086,2,484.0,Av,1966,"159,950$"
810,11,2138,1075,2,360.0,Av,1898,"106,000$"
811,5,1309,1309,2,484.0,AA,1974,"181,000$"
812,4,848,848,2,420.0,AA,2004,"144,500$"
813,4,1044,1044,2,504.0,Av,1952,"55,993$"
814,7,1442,1442,1,301.0,AA,1958,"157,900$"
815,7,1250,686,1,280.0,Av,1918,"116,000$"
816,6,1661,1661,2,598.0,Gd,1998,"224,900$"
817,4,1008,1008,1,275.0,Av,1954,"137,000$"
818,7,1689,1689,3,857.0,VG,2002,"271,000$"
819,6,1052,1052,2,440.0,AA,1971,"155,000$"
820,6,1358,1358,2,484.0,Gd,2009,"224,000$"
821,6,1640,798,2,595.0,Gd,2003,"183,000$"
822,4,936,936,2,576.0,BA,1953,"93,000$"
823,7,1733,847,2,433.0,Gd,2003,"225,000$"
824,7,1489,944,1,240.0,AA,1940,"139,500$"
825,7,1489,1489,2,776.0,VG,2006,"232,600$"
826,7,2084,2084,3,1220.0,VE,2007,"385,000$"
827,5,784,784,0,0.0,Av,1924,"109,500$"
828,6,1434,1434,2,527.0,Gd,2001,"189,000$"
829,7,2126,1160,2,538.0,Av,1967,"185,000$"
830,4,1223,520,2,480.0,Gd,2005,"147,400$"
831,6,1392,1392,2,458.0,AA,1957,"166,000$"
832,4,1200,520,2,480.0,Gd,2005,"151,000$"
833,7,1829,941,2,613.0,Gd,2003,"237,000$"
834,6,1516,1516,2,472.0,AA,1964,"167,000$"
835,6,1144,1144,2,456.0,Av,1961,"139,950$"
836,4,1067,1067,2,436.0,BA,1950,"128,000$"
837,5,1559,1559,2,812.0,Av,1948,"153,500$"
838,5,987,483,1,264.0,AA,1973,"100,000$"
839,6,1099,1099,1,352.0,Av,1995,"144,000$"
840,6,1200,768,1,240.0,Av,1946,"130,500$"
841,7,1482,810,1,400.0,AA,1925,"140,000$"
842,8,1539,958,2,686.0,Av,1904,"157,500$"
843,6,1165,1165,2,490.0,AA,1966,"174,900$"
844,10,1800,1800,0,0.0,Av,1961,"141,000$"
845,7,1416,876,3,720.0,Av,1915,"153,900$"
846,6,1701,1701,2,611.0,Av,1975,"171,000$"
847,7,1775,1006,2,425.0,Gd,1993,"213,000$"
848,5,864,864,1,338.0,Av,1972,"133,500$"
849,10,2358,1307,2,360.0,AA,1908,"240,000$"
850,7,1855,1094,2,512.0,AA,1976,"187,000$"
851,3,848,848,2,420.0,AA,2003,"131,500$"
852,7,1456,1456,2,400.0,VG,2003,"215,000$"
853,7,1646,918,1,240.0,Gd,1941,"164,000$"
854,7,1445,1445,2,645.0,AA,1964,"158,000$"
855,6,1779,1779,2,454.0,Av,1955,"170,000$"
856,6,1040,1040,1,260.0,Av,1962,"127,000$"
857,5,1026,1026,2,576.0,AA,1978,"147,000$"
858,6,1481,702,2,343.0,AA,1994,"174,000$"
859,6,1370,1370,2,479.0,Gd,1976,"152,000$"
860,9,2654,1512,2,619.0,AA,1968,"250,000$"
861,7,1426,912,1,216.0,Gd,1918,"189,950$"
862,6,1039,1039,2,504.0,Av,1965,"131,500$"
863,6,1097,1097,2,480.0,AA,1984,"152,000$"
864,6,1148,1148,1,672.0,Av,1959,"132,500$"
865,6,1372,1372,2,529.0,Gd,2007,"250,580$"
866,5,1002,1002,2,902.0,Av,1970,"148,500$"
867,6,1646,1646,3,870.0,VG,2006,"248,900$"
868,5,1120,1120,2,544.0,BA,1961,"129,000$"
869,7,2320,1547,2,672.0,Av,1948,"169,000$"
870,8,1949,1062,2,574.0,Gd,1993,"236,000$"
871,5,894,894,1,308.0,Av,1962,"109,500$"
872,7,1682,804,2,523.0,AA,1998,"200,500$"
873,5,910,910,2,414.0,Av,1953,"116,000$"
874,6,1268,1036,1,288.0,Av,1949,"133,000$"
875,5,1131,676,1,200.0,Av,1941,"66,500$"
876,11,2610,1184,2,550.0,VG,2007,"303,477$"
877,5,1040,1040,2,648.0,BA,1963,"132,250$"
878,10,2224,1462,3,738.0,Ex,2004,"350,000$"
879,6,1155,1155,2,576.0,Av,1961,"148,000$"
880,6,864,864,1,336.0,Av,1978,"136,500$"
881,5,1090,1090,2,450.0,Av,2005,"157,000$"
882,7,1717,1187,2,400.0,Gd,1990,"187,500$"
883,7,1593,808,2,389.0,AA,1992,"178,000$"
884,10,2230,954,1,440.0,BA,1912,"118,500$"
885,5,892,892,1,288.0,Av,1967,"100,000$"
886,5,1709,1709,2,506.0,Ex,1999,"328,900$"
887,8,1712,1712,2,588.0,Av,1959,"145,000$"
888,8,1393,872,1,300.0,Av,1955,"135,500$"
889,8,2217,2217,2,621.0,VG,1970,"268,000$"
890,6,1505,1505,2,505.0,AA,1953,"149,500$"
891,6,924,672,2,576.0,Av,1949,"122,900$"
892,7,1683,918,2,440.0,AA,1978,"172,500$"
893,6,1068,1068,1,264.0,AA,1963,"154,500$"
894,6,1383,1383,1,354.0,Av,1954,"165,000$"
895,8,1535,1535,2,400.0,Av,1979,"118,858$"
896,8,1796,983,2,483.0,AA,1963,"140,000$"
897,6,951,951,1,327.0,BA,1936,"106,500$"
898,12,2240,1120,2,528.0,Av,1979,"142,953$"
899,11,2364,2364,3,820.0,Ex,2009,"611,657$"
900,6,1236,1236,1,288.0,Av,1961,"135,000$"
901,4,858,858,1,684.0,BA,1971,"110,000$"
902,5,1306,1306,1,756.0,Av,1957,"153,000$"
903,8,1509,807,2,393.0,Gd,2003,"180,000$"
904,7,1670,1670,3,690.0,Gd,2006,"240,000$"
905,6,902,902,1,288.0,Av,1967,"125,500$"
906,6,1063,1063,1,280.0,Av,1954,"128,000$"
907,8,1636,1636,3,865.0,VG,2006,"255,000$"
908,6,2057,1020,1,180.0,Gd,1936,"250,000$"
909,5,902,902,2,484.0,Av,1983,"131,000$"
910,8,1484,742,2,390.0,AA,2005,"174,000$"
911,12,2274,1105,2,480.0,Av,1960,"154,300$"
912,5,1268,1268,1,252.0,Av,1977,"143,500$"
913,6,1015,1015,1,450.0,Av,1925,"88,000$"
914,8,2002,1001,3,871.0,Av,1949,"145,000$"
915,4,1224,612,2,528.0,AA,2009,"173,733$"
916,6,1092,546,1,286.0,BA,1970,"75,000$"
917,4,480,480,1,308.0,Po,1949,"35,311$"
918,6,1229,1229,1,284.0,BA,1956,"135,000$"
919,8,2127,912,3,833.0,Gd,1991,"238,000$"
920,6,1414,1414,2,601.0,AA,1958,"176,500$"
921,7,1721,936,2,471.0,AA,1994,"201,000$"
922,9,2200,1272,0,0.0,Av,1900,"145,900$"
923,6,1316,1316,2,397.0,AA,2005,"169,990$"
924,5,1617,1617,2,533.0,AA,1993,"193,000$"
925,7,1686,1686,2,612.0,AA,1980,"207,500$"
926,6,1126,1126,2,540.0,Av,1977,"175,000$"
927,10,2374,1234,3,656.0,VG,2003,"285,000$"
928,9,1978,1098,2,486.0,Gd,1968,"176,000$"
929,7,1788,1788,2,522.0,VG,2001,"236,500$"
930,8,2236,993,2,642.0,Gd,1997,"222,000$"
931,7,1466,1466,3,610.0,VG,2007,"201,000$"
932,5,925,925,1,429.0,Av,1965,"117,500$"
933,8,1905,1905,3,788.0,Ex,2006,"320,000$"
934,6,1500,1500,2,570.0,Gd,2004,"190,000$"
935,9,2069,2069,2,505.0,Gd,1960,"242,000$"
936,5,747,747,2,528.0,BA,1926,"79,900$"
937,5,1200,1200,2,555.0,Gd,2003,"184,900$"
938,8,1971,1113,2,689.0,Gd,2005,"253,000$"
939,7,1962,1391,3,868.0,Gd,2006,"239,799$"
940,10,2403,1207,1,349.0,Gd,1940,"244,400$"
941,8,1728,1728,2,574.0,AA,1976,"150,900$"
942,8,2060,1022,2,390.0,Gd,1999,"214,000$"
943,8,1440,1440,0,0.0,BA,1977,"150,000$"
944,8,1632,1632,2,576.0,Av,1967,"143,000$"
945,7,1344,1344,2,525.0,AA,1958,"137,500$"
946,7,1869,1188,2,456.0,Av,1890,"124,900$"
947,6,1144,1144,1,796.0,Av,1959,"143,000$"
948,9,1629,1629,3,808.0,VG,2002,"270,000$"
949,7,1776,936,2,474.0,Gd,2002,"192,500$"
950,5,1381,1381,2,676.0,AA,1972,"197,500$"
951,5,864,864,2,720.0,Av,1950,"129,000$"
952,6,965,965,1,300.0,Av,1965,"119,900$"
953,5,768,768,1,396.0,Av,1972,"133,900$"
954,7,1968,1168,2,530.0,Av,1969,"172,000$"
955,4,980,980,0,0.0,AA,1975,"127,500$"
956,8,1958,979,2,492.0,AA,1946,"145,000$"
957,5,1229,561,2,462.0,AA,1980,"124,000$"
958,6,1057,1057,2,576.0,Av,1962,"132,000$"
959,6,1337,1337,2,531.0,Gd,2003,"185,000$"
960,6,1416,696,2,484.0,Gd,1999,"155,000$"
961,4,858,858,0,0.0,Av,1958,"116,500$"
962,11,2872,1542,2,619.0,AA,1977,"272,000$"
963,7,1548,804,2,440.0,AA,1976,"155,000$"
964,7,1800,1800,2,702.0,Ex,2007,"239,000$"
965,8,1894,824,2,510.0,Gd,2002,"214,900$"
966,8,1484,783,2,393.0,AA,2005,"178,900$"
967,7,1308,976,1,256.0,Av,1940,"160,000$"
968,6,1098,1098,1,260.0,Av,1955,"135,000$"
969,6,968,600,0,0.0,Fa,1910,"37,900$"
970,6,1095,1095,1,264.0,AA,1958,"140,000$"
971,6,1192,720,0,0.0,BA,1949,"135,000$"
972,6,1626,764,2,474.0,Gd,2003,"173,000$"
973,5,918,918,1,264.0,AA,1979,"99,500$"
974,6,1428,1428,2,480.0,Gd,2007,"182,000$"
975,8,2019,1136,2,532.0,Gd,1910,"167,500$"
976,6,1382,673,2,490.0,Gd,2000,"165,000$"
977,4,869,869,0,0.0,BA,1923,"85,500$"
978,4,1241,1241,2,569.0,Gd,2006,"199,900$"
979,5,894,894,2,400.0,BA,1954,"110,000$"
980,5,1121,1121,2,480.0,Av,1963,"139,000$"
981,6,999,999,2,588.0,Gd,1961,"178,400$"
982,8,2612,1276,3,676.0,VG,1998,"336,000$"
983,6,1266,1266,2,388.0,Gd,2007,"159,895$"
984,9,2290,1149,2,779.0,VG,2002,"255,900$"
985,8,1734,1302,2,539.0,Av,1977,"126,000$"
986,5,1164,1164,1,240.0,Av,1950,"125,000$"
987,5,1635,1001,1,255.0,AA,1910,"117,000$"
988,8,1940,1940,3,606.0,Ex,2009,"395,192$"
989,8,2030,1118,2,551.0,AA,1976,"195,000$"
990,6,1576,778,2,614.0,Gd,2006,"197,000$"
991,7,2392,1407,3,870.0,VG,1997,"348,000$"
992,8,1742,916,2,424.0,VG,1882,"168,000$"
993,7,1851,1020,2,440.0,AA,1964,"187,000$"
994,6,1500,750,2,564.0,AA,2005,"173,900$"
995,7,1718,1718,3,786.0,VE,2006,"337,500$"
996,5,1230,774,1,305.0,BA,1946,"121,600$"
997,6,1050,1050,1,368.0,Av,1961,"136,500$"
998,6,1442,1442,2,615.0,AA,1970,"185,000$"
999,6,1077,1077,1,210.0,Fa,1922,"91,000$"
1000,6,1208,1208,2,632.0,Gd,2006,"206,000$"
1001,4,944,944,2,528.0,Fa,1952,"82,000$"
1002,4,691,691,1,216.0,Av,1920,"86,000$"
1003,7,1574,1574,3,824.0,VG,2006,"232,000$"
1004,8,1680,1680,2,528.0,Av,1976,"136,905$"
1005,7,1504,1504,2,457.0,Gd,2005,"181,000$"
1006,6,985,985,1,328.0,Av,1977,"149,900$"
1007,7,1657,1657,2,484.0,AA,1970,"163,500$"
1008,6,1092,546,1,286.0,BA,1970,"88,000$"
1009,7,1710,1710,2,550.0,Gd,2004,"240,000$"
1010,7,1522,1008,0,0.0,Av,1926,"102,000$"
1011,7,1271,720,1,312.0,Av,1948,"135,000$"
1012,8,1664,1664,0,0.0,Av,1965,"100,000$"
1013,7,1502,900,1,180.0,AA,1923,"165,000$"
1014,4,1022,1022,1,280.0,Av,1910,"85,000$"
1015,5,1082,1082,1,240.0,AA,1948,"119,200$"
1016,6,1665,810,2,528.0,VG,2001,"227,000$"
1017,6,1504,1504,2,478.0,Gd,1996,"203,000$"
1018,4,1360,1360,2,565.0,VG,1984,"187,500$"
1019,7,1472,802,2,402.0,Gd,1991,"160,000$"
1020,6,1506,1506,2,440.0,Gd,2005,"213,490$"
1021,5,1132,1132,2,451.0,BA,2005,"176,000$"
1022,6,1220,1220,2,632.0,Gd,2006,"194,000$"
1023,6,1248,912,1,160.0,Av,1930,"87,000$"
1024,7,1504,1504,2,437.0,Gd,2005,"191,000$"
1025,10,2898,2898,2,665.0,VG,1976,"287,000$"
1026,5,882,882,2,461.0,Av,1972,"112,500$"
1027,6,1264,1264,2,461.0,Av,1960,"167,500$"
1028,7,1646,1646,3,800.0,VG,2007,"293,077$"
1029,6,1376,968,1,240.0,Av,1941,"105,000$"
1030,7,1218,672,1,264.0,AA,1972,"118,000$"
1031,10,1928,948,0,0.0,Av,1916,"160,000$"
1032,12,3082,1687,2,672.0,Gd,1920,"197,000$"
1033,10,2520,1352,3,796.0,VG,1993,"310,000$"
1034,6,1654,1654,3,900.0,Gd,2002,"230,000$"
1035,5,954,954,1,240.0,Av,1938,"119,750$"
1036,5,845,845,1,290.0,BA,1957,"84,000$"
1037,6,1620,1620,3,912.0,Ex,2007,"315,500$"
1038,7,2263,1055,2,905.0,VG,2001,"287,000$"
1039,6,1344,798,0,0.0,BA,1970,"97,000$"
1040,3,630,630,1,286.0,BA,1970,"80,000$"
1041,8,1803,1803,2,484.0,Av,1957,"155,000$"
1042,7,1632,800,2,484.0,AA,1966,"173,000$"
1043,5,1306,1306,2,624.0,AA,2005,"196,000$"
1044,10,2329,1532,2,514.0,Gd,1990,"262,280$"
1045,9,2524,2524,2,542.0,VG,1981,"278,000$"
1046,8,1733,1733,2,452.0,Fa,1955,"139,600$"
1047,11,2868,1992,3,716.0,Ex,2005,"556,581$"
1048,5,990,990,2,672.0,Av,1994,"145,000$"
1049,9,1771,1771,2,336.0,Av,1960,"115,000$"
1050,6,930,930,1,308.0,BA,1946,"84,900$"
1051,6,1302,1302,2,436.0,Gd,2007,"176,485$"
1052,6,1316,1316,2,440.0,Gd,2007,"200,141$"
1053,9,1977,1127,2,540.0,AA,1964,"165,000$"
1054,7,1526,1526,1,364.0,Av,1957,"144,500$"
1055,7,1989,1091,2,586.0,VG,2002,"255,000$"
1056,7,1523,1523,2,478.0,AA,1976,"180,000$"
1057,6,1364,1364,2,484.0,Gd,2005,"185,850$"
1058,7,1850,979,2,467.0,Gd,1994,"248,000$"
1059,10,2184,1130,3,836.0,Ex,2008,"335,000$"
1060,7,1991,1096,2,432.0,AA,1932,"220,000$"
1061,6,1338,1338,2,582.0,VG,2001,"213,500$"
1062,6,894,894,3,1248.0,Fa,1935,"81,000$"
1063,10,2337,1422,2,560.0,Av,1900,"90,000$"
1064,5,1103,1103,2,440.0,AA,1925,"110,500$"
1065,6,1154,1154,2,480.0,Av,1966,"154,000$"
1066,7,2260,1306,2,533.0,Gd,1996,"328,000$"
1067,7,1571,799,2,380.0,AA,1993,"178,000$"
1068,7,1611,798,2,442.0,AA,1964,"167,900$"
1069,10,2521,1291,2,576.0,AA,1973,"151,400$"
1070,4,893,893,2,576.0,Av,1949,"135,000$"
1071,6,1048,1048,1,286.0,Av,1956,"135,000$"
1072,8,1556,829,2,441.0,AA,1968,"154,000$"
1073,7,1456,1002,1,280.0,Av,1948,"91,500$"
1074,6,1426,698,2,440.0,AA,1977,"159,500$"
1075,5,1240,1240,3,826.0,Gd,2006,"194,000$"
1076,6,1740,960,1,240.0,Gd,1940,"219,500$"
1077,7,1466,1096,2,566.0,Av,1936,"170,000$"
1078,6,1096,1096,1,299.0,Av,1969,"138,800$"
1079,3,848,848,2,420.0,AA,2004,"155,900$"
1080,5,990,990,1,299.0,Av,1994,"126,000$"
1081,5,1258,1258,2,528.0,AA,1971,"145,000$"
1082,5,1040,1040,1,308.0,Av,1963,"133,000$"
1083,6,1459,1459,2,527.0,Gd,2002,"192,000$"
1084,6,1251,1251,1,461.0,AA,1964,"160,000$"
1085,6,1498,691,2,409.0,AA,1995,"187,500$"
1086,5,996,996,2,564.0,AA,1992,"147,000$"
1087,6,1092,546,1,286.0,BA,1973,"83,500$"
1088,9,1953,1082,3,1043.0,VG,2005,"252,000$"
1089,7,1709,970,2,380.0,Gd,2004,"137,500$"
1090,4,1247,1247,2,550.0,VG,2005,"197,000$"
1091,6,1040,1040,2,400.0,Fa,1950,"92,900$"
1092,4,1252,624,2,462.0,Gd,1999,"160,000$"
1093,7,1694,1390,2,576.0,AA,1925,"136,500$"
1094,6,1200,1200,2,884.0,Av,1965,"146,000$"
1095,4,936,936,1,308.0,Av,1956,"129,000$"
1096,6,1314,1314,2,440.0,AA,2006,"176,432$"
1097,7,1355,773,0,0.0,AA,1914,"127,000$"
1098,5,1088,1088,2,461.0,VG,1986,"170,000$"
1099,6,1324,757,1,240.0,BA,1936,"128,000$"
1100,7,1601,1601,2,478.0,Gd,1978,"157,000$"
1101,3,438,438,1,246.0,Po,1920,"60,000$"
1102,5,950,950,1,280.0,Av,1971,"119,500$"
1103,6,1134,1134,1,254.0,Av,1960,"135,000$"
1104,6,1194,1194,2,539.0,AA,1959,"159,500$"
1105,6,1302,630,2,440.0,Av,1970,"106,000$"
1106,9,2622,1500,2,712.0,VG,1994,"325,000$"
1107,6,1442,1442,2,719.0,Gd,1990,"179,900$"
1108,9,2021,887,2,422.0,Gd,2006,"274,725$"
1109,7,1690,948,2,463.0,AA,2000,"181,000$"
1110,7,1836,1836,3,862.0,VG,2004,"280,000$"
1111,8,1658,773,2,431.0,AA,1995,"188,000$"
1112,8,1964,1098,2,483.0,Gd,1976,"205,000$"
1113,5,816,816,1,308.0,Av,1957,"129,900$"
1114,6,1008,1008,1,240.0,Av,1953,"134,500$"
1115,4,833,833,1,326.0,Av,1954,"117,000$"
1116,7,1734,1734,3,928.0,VG,2007,"318,000$"
1117,7,1419,779,2,527.0,VG,2002,"184,100$"
1118,5,894,894,2,450.0,Av,1967,"130,000$"
1119,6,1601,1021,1,300.0,Av,1958,"140,000$"
1120,6,1040,1040,1,286.0,Av,1959,"133,700$"
1121,6,1012,1012,1,308.0,AA,1920,"118,400$"
1122,7,1552,1552,3,782.0,Gd,2005,"212,900$"
1123,5,960,960,1,288.0,BA,1956,"112,000$"
1124,4,698,698,0,0.0,Av,1947,"118,000$"
1125,7,1482,812,2,392.0,Gd,1992,"163,900$"
1126,5,1005,1005,2,672.0,BA,1955,"115,000$"
1127,7,1555,1555,3,660.0,Gd,2007,"174,000$"
1128,7,1530,1530,3,630.0,Gd,2004,"259,000$"
1129,8,1959,847,2,434.0,Gd,2004,"215,000$"
1130,4,936,936,2,672.0,Av,1980,"140,000$"
1131,7,1981,1328,2,576.0,BA,1928,"135,000$"
1132,5,974,974,0,0.0,Av,1991,"93,500$"
1133,8,2210,1178,1,205.0,AA,1880,"117,500$"
1134,8,2020,1142,2,466.0,VG,1995,"239,500$"
1135,7,1600,916,2,460.0,AA,1997,"169,000$"
1136,5,986,986,1,180.0,AA,1926,"102,000$"
1137,6,1252,1032,1,288.0,AA,1950,"119,000$"
1138,6,1020,780,0,0.0,Av,1875,"94,000$"
1139,5,1567,1567,2,714.0,AA,1977,"196,000$"
1140,6,1167,1167,2,495.0,Av,1920,"144,000$"
1141,4,952,952,2,840.0,Av,1951,"139,000$"
1142,9,1868,1088,2,484.0,Av,1976,"197,500$"
1143,11,2828,1466,3,1052.0,VG,2006,"424,870$"
1144,5,1006,1006,0,0.0,Av,1959,"80,000$"
1145,5,924,672,1,280.0,BA,1941,"80,000$"
1146,8,1576,1042,1,225.0,Av,1928,"149,000$"
1147,5,1298,1298,2,403.0,AA,1985,"180,000$"
1148,7,1564,860,1,234.0,Gd,1941,"174,500$"
1149,5,1111,572,1,288.0,Gd,1926,"116,900$"
1150,7,1482,832,2,324.0,Gd,1920,"143,000$"
1151,4,932,932,1,306.0,AA,1950,"124,000$"
1152,6,1466,1466,2,528.0,Av,1959,"149,900$"
1153,6,1811,1811,2,470.0,AA,1956,"230,000$"
1154,5,816,816,1,432.0,AA,1930,"120,500$"
1155,8,1820,902,2,492.0,Gd,1965,"201,800$"
1156,6,1437,1437,2,528.0,Av,1976,"218,000$"
1157,6,1265,1265,2,502.0,Av,1965,"179,900$"
1158,6,1314,1314,2,626.0,Gd,2007,"230,000$"
1159,7,1580,1580,3,830.0,VG,2007,"235,128$"
1160,8,1876,943,2,540.0,AA,1974,"185,000$"
1161,7,1456,855,2,440.0,AA,1978,"146,000$"
1162,7,1640,1640,2,924.0,AA,1954,"224,000$"
1163,5,894,894,2,450.0,Av,1968,"129,000$"
1164,6,1258,1258,2,400.0,BA,1969,"108,959$"
1165,5,1432,1432,2,588.0,Av,1978,"194,000$"
1166,7,1502,1502,2,644.0,Gd,2009,"233,170$"
1167,7,1694,1694,3,776.0,VG,2008,"245,350$"
1168,7,1671,959,2,472.0,AA,2000,"173,000$"
1169,7,2108,1236,2,540.0,AA,1935,"235,000$"
1170,10,3627,1831,3,807.0,VE,1995,"625,000$"
1171,6,1118,1118,1,358.0,AA,1977,"171,000$"
1172,6,1261,1261,2,433.0,AA,1958,"163,000$"
1173,5,1250,625,2,625.0,Gd,2006,"171,900$"
1174,12,3086,1636,0,0.0,Av,1946,"200,500$"
1175,9,2345,1170,2,360.0,AA,1932,"239,000$"
1176,9,2872,2129,2,541.0,VG,1992,"285,000$"
1177,5,923,923,1,264.0,Av,1984,"119,500$"
1178,5,1224,818,1,210.0,AA,1926,"115,000$"
1179,7,1343,820,1,186.0,Av,1921,"154,900$"
1180,5,1124,1124,0,0.0,Av,1954,"93,000$"
1181,8,2514,1298,2,693.0,Gd,1990,"250,000$"
1182,5,1652,1652,2,482.0,VG,2008,"392,500$"
1183,10,4476,2411,3,813.0,VE,1996,"745,000$"
1184,5,1130,1130,2,720.0,Av,1920,"120,000$"
1185,5,1572,1572,3,995.0,Av,1963,"186,700$"
1186,7,1221,949,1,392.0,Av,1924,"104,900$"
1187,7,1699,1014,2,420.0,Fa,1900,"95,000$"
1188,5,1624,1624,3,757.0,VG,1994,"262,000$"
1189,7,1660,831,2,493.0,Gd,2002,"195,000$"
1190,7,1804,1028,2,442.0,Gd,1999,"189,000$"
1191,7,1622,1622,4,1356.0,BA,1961,"168,000$"
1192,5,1441,764,2,492.0,VG,1999,"174,000$"
1193,6,1472,842,1,250.0,Av,1925,"125,000$"
1194,5,1224,1224,2,402.0,AA,1999,"165,000$"
1195,7,1352,663,1,299.0,AA,1969,"158,000$"
1196,8,1456,728,2,400.0,AA,2005,"176,000$"
1197,9,1863,879,3,660.0,Gd,2006,"219,210$"
1198,7,1690,815,1,225.0,Gd,1916,"144,000$"
1199,6,1212,1212,2,573.0,Gd,2001,"178,000$"
1200,6,1382,1382,2,459.0,BA,1963,"148,000$"
1201,5,864,864,1,280.0,BA,1970,"116,050$"
1202,6,1779,866,2,546.0,Gd,1998,"197,900$"
1203,5,1348,884,1,216.0,Av,1925,"117,000$"
1204,6,1630,1630,2,451.0,Gd,2000,"213,000$"
1205,6,1074,1074,2,495.0,Av,1975,"153,500$"
1206,7,2196,2196,3,701.0,Gd,1990,"271,900$"
1207,5,1056,1056,1,384.0,BA,1966,"107,000$"
1208,7,1700,1700,2,544.0,AA,2003,"200,000$"
1209,6,1283,1283,2,506.0,Av,1962,"140,000$"
1210,8,1660,1660,2,500.0,VG,2006,"290,000$"
1211,8,1845,1055,2,462.0,AA,1992,"189,000$"
1212,8,1752,1080,2,492.0,VG,1988,"164,000$"
1213,4,672,672,1,234.0,BA,1941,"113,000$"
1214,3,960,960,1,364.0,BA,1965,"145,000$"
1215,6,999,999,1,300.0,Av,1962,"134,500$"
1216,5,894,894,1,384.0,Av,1966,"125,000$"
1217,8,1902,1318,2,539.0,AA,1978,"112,000$"
1218,6,1314,1314,2,552.0,VG,2009,"229,456$"
1219,3,912,672,0,0.0,BA,1947,"80,500$"
1220,7,1218,672,0,0.0,AA,1971,"91,500$"
1221,5,912,912,1,288.0,Av,1964,"115,000$"
1222,5,1211,1211,1,322.0,Av,1968,"134,000$"
1223,7,1846,1168,1,315.0,AA,1949,"143,000$"
1224,7,2136,2136,2,528.0,Av,1951,"137,900$"
1225,8,1490,788,2,388.0,Gd,2004,"184,000$"
1226,6,1138,1138,1,264.0,AA,1958,"145,000$"
1227,9,1933,894,3,668.0,AA,2007,"214,000$"
1228,5,912,912,2,576.0,Av,1965,"147,000$"
1229,7,1702,1702,3,1052.0,Ex,2008,"367,294$"
1230,7,1507,1507,1,404.0,Av,1960,"127,000$"
1231,12,2620,1361,2,600.0,Av,1977,"190,000$"
1232,6,1190,1190,2,540.0,Av,1962,"132,500$"
1233,6,1224,1224,2,462.0,BA,1962,"101,800$"
1234,6,1188,1188,2,531.0,Av,1959,"142,000$"
1235,7,1964,1024,0,0.0,Av,1911,"130,000$"
1236,9,1784,892,1,180.0,Av,1914,"138,887$"
1237,6,1626,764,2,474.0,Gd,2003,"175,500$"
1238,8,1948,847,2,434.0,Gd,2004,"195,000$"
1239,6,1141,1141,2,484.0,AA,2005,"142,500$"
1240,6,1484,1484,2,472.0,VG,2006,"265,900$"
1241,8,1768,884,2,543.0,Gd,2003,"224,900$"
1242,7,1689,1689,3,954.0,Gd,2007,"248,328$"
1243,6,1173,1173,2,528.0,Gd,1974,"170,000$"
1244,7,2076,2076,3,850.0,VE,2006,"465,000$"
1245,7,1517,792,2,400.0,VG,1929,"230,000$"
1246,7,1868,1140,2,477.0,AA,1984,"178,000$"
1247,6,1553,756,2,615.0,Gd,2005,"186,500$"
1248,6,1034,1034,3,888.0,AA,1976,"169,900$"
1249,8,2058,1134,2,396.0,AA,1917,"129,500$"
1250,6,988,988,1,276.0,Av,1950,"119,000$"
1251,8,2110,2110,2,522.0,Gd,1968,"244,000$"
1252,6,1405,1405,2,478.0,Gd,2003,"171,750$"
1253,5,874,874,1,288.0,Av,1968,"130,000$"
1254,9,2167,1516,2,518.0,Gd,1974,"294,000$"
1255,7,1656,760,2,397.0,Gd,2003,"165,400$"
1256,6,1367,959,1,560.0,AA,1931,"127,500$"
1257,7,1987,1987,2,691.0,VG,1994,"301,500$"
1258,4,864,864,0,0.0,Av,1922,"99,900$"
1259,5,1166,1166,2,400.0,Gd,2005,"190,000$"
1260,6,1054,1054,2,460.0,AA,1969,"151,000$"
1261,7,1675,892,2,502.0,AA,1999,"181,000$"
1262,5,1050,1050,1,338.0,Av,1956,"128,900$"
1263,8,1788,1104,1,304.0,BA,1957,"161,500$"
1264,8,1824,1060,2,520.0,AA,1919,"180,500$"
1265,5,1337,1337,2,511.0,AA,1998,"181,000$"
1266,6,1452,713,2,506.0,Gd,1999,"183,900$"
1267,9,1889,964,1,308.0,Gd,1910,"122,000$"
1268,10,2018,2018,3,746.0,Ex,2008,"378,500$"
1269,11,3447,1968,3,1014.0,VG,1935,"381,000$"
1270,7,1524,874,1,315.0,Av,1958,"144,000$"
1271,4,1524,1332,2,586.0,Gd,1979,"260,000$"
1272,7,1489,1489,2,462.0,AA,1968,"185,750$"
1273,5,935,935,1,288.0,Av,1965,"137,000$"
1274,5,1357,1357,1,312.0,AA,1959,"177,000$"
1275,8,1250,661,2,552.0,Av,1910,"139,000$"
1276,10,1920,928,2,400.0,Av,1948,"137,000$"
1277,6,1395,735,2,497.0,AA,1972,"162,000$"
1278,7,1724,1724,2,480.0,AA,1967,"197,900$"
1279,7,2031,1128,2,577.0,VG,2002,"237,000$"
1280,6,1128,698,2,528.0,BA,1920,"68,400$"
1281,6,1573,1573,2,544.0,Gd,2002,"227,000$"
1282,6,1339,1339,2,484.0,Gd,1990,"180,000$"
1283,5,1040,1040,2,484.0,Av,1977,"150,500$"
1284,8,1824,912,0,0.0,AA,1971,"139,000$"
1285,10,2447,1699,1,336.0,AA,1919,"169,000$"
1286,6,1412,825,1,280.0,AA,1939,"132,500$"
1287,6,1328,1328,2,528.0,AA,1963,"143,000$"
1288,7,1582,1582,2,390.0,Av,1964,"190,000$"
1289,5,1659,1659,2,499.0,VG,2000,"278,000$"
1290,8,1970,1120,3,753.0,VG,2006,"281,000$"
1291,6,1152,1152,2,484.0,Av,1964,"180,500$"
1292,6,1302,630,1,264.0,Av,1972,"119,500$"
1293,11,2372,1378,1,432.0,Av,1892,"107,500$"
1294,8,1664,832,2,528.0,Gd,1976,"162,900$"
1295,5,864,864,2,572.0,Av,1955,"115,000$"
1296,5,1052,1052,1,288.0,Av,1968,"138,500$"
1297,6,1128,1128,2,525.0,Av,1963,"155,000$"
1298,5,1072,1072,2,525.0,AA,2005,"140,000$"
1299,12,5642,4692,2,1418.0,VE,2008,"160,000$"
1300,6,1246,1246,1,305.0,Av,1959,"154,000$"
1301,9,1983,1005,2,490.0,Gd,1999,"225,000$"
1302,7,1494,753,1,213.0,AA,1942,"177,500$"
1303,8,2526,1203,3,844.0,VG,1994,"290,000$"
1304,7,1616,1616,3,834.0,Gd,2005,"232,000$"
1305,7,1708,976,2,380.0,Gd,2004,"130,000$"
1306,6,1652,1652,2,840.0,Ex,2006,"325,000$"
1307,6,1368,1368,2,474.0,Gd,2005,"202,500$"
1308,5,990,990,2,480.0,Av,1994,"138,000$"
1309,6,1122,1122,2,528.0,Av,1948,"147,000$"
1310,6,1294,1294,2,496.0,AA,1991,"179,200$"
1311,7,1902,1902,2,567.0,Gd,1959,"335,000$"
1312,6,1274,1274,2,508.0,Gd,2005,"203,000$"
1313,9,2810,1453,2,750.0,VG,1990,"302,000$"
1314,10,2599,1422,3,779.0,Ex,1999,"333,168$"
1315,5,948,948,1,280.0,BA,1954,"119,000$"
1316,9,2112,1092,2,576.0,AA,1969,"206,900$"
1317,8,1630,1630,3,860.0,VG,2008,"295,493$"
1318,5,1352,1352,2,466.0,Gd,2006,"208,900$"
1319,7,1787,1787,3,748.0,VG,2001,"275,000$"
1320,5,948,948,1,248.0,BA,1954,"111,000$"
1321,6,1478,1478,2,442.0,AA,1957,"156,500$"
1322,4,720,720,1,287.0,Fa,1949,"72,500$"
1323,8,1923,1061,2,564.0,Gd,1992,"190,000$"
1324,5,708,708,0,0.0,BA,1940,"82,500$"
1325,7,1795,1795,3,895.0,VG,2006,"147,000$"
1326,5,796,796,0,0.0,BA,1922,"55,000$"
1327,6,774,774,0,0.0,Fa,1931,"79,000$"
1328,5,816,816,1,264.0,Av,1982,"130,500$"
1329,8,2792,1584,2,520.0,AA,1920,"256,000$"
1330,8,1632,955,2,462.0,Gd,1998,"176,500$"
1331,7,1588,1588,3,825.0,VG,2006,"227,000$"
1332,6,954,954,2,576.0,Av,1976,"132,500$"
1333,3,816,816,1,288.0,BA,1938,"100,000$"
1334,6,1360,803,1,297.0,Av,1938,"125,500$"
1335,7,1365,765,2,440.0,Av,1970,"125,000$"
1336,6,1334,1334,2,630.0,AA,1977,"167,900$"
1337,8,1656,1656,2,506.0,Av,1973,"135,000$"
1338,4,693,693,0,0.0,BA,1941,"52,500$"
1339,8,1861,920,2,492.0,Gd,2002,"200,000$"
1340,5,864,864,1,288.0,Av,1972,"128,500$"
1341,5,872,872,4,480.0,BA,1971,"123,000$"
1342,6,1114,1114,2,576.0,AA,2003,"155,000$"
1343,7,2169,1284,2,647.0,VG,2002,"228,500$"
1344,9,1913,1172,2,342.0,AA,1928,"177,000$"
1345,8,1456,728,2,440.0,Gd,2006,"155,835$"
1346,5,960,960,1,308.0,BA,1920,"108,500$"
1347,9,2156,2156,2,508.0,Gd,1968,"262,500$"
1348,7,1776,1776,3,712.0,VG,2006,"283,463$"
1349,5,1494,1494,2,514.0,Gd,1998,"215,000$"
1350,8,2358,938,0,0.0,VG,1872,"122,000$"
1351,12,2634,1338,4,968.0,Av,1969,"200,000$"
1352,8,1716,858,2,490.0,AA,1962,"171,000$"
1353,4,1176,786,2,624.0,AA,1937,"134,900$"
1354,9,3238,2053,3,666.0,VG,1995,"410,000$"
1355,7,1865,992,3,839.0,Gd,2000,"235,000$"
1356,8,1920,1222,2,487.0,Gd,1968,"170,000$"
1357,5,892,892,1,264.0,Av,1966,"110,000$"
1358,6,1078,1078,2,500.0,Av,1971,"149,900$"
1359,5,1573,769,2,440.0,AA,2000,"177,500$"
1360,8,1980,1980,3,770.0,Ex,2004,"315,000$"
1361,8,2601,990,2,621.0,Av,1921,"189,000$"
1362,7,1530,1530,2,430.0,Gd,2005,"260,000$"
1363,7,1738,1281,1,368.0,BA,1920,"104,900$"
1364,6,1412,616,2,432.0,AA,2006,"156,932$"
1365,4,1200,520,2,480.0,Gd,2005,"144,152$"
1366,7,1674,814,2,663.0,Gd,2000,"216,000$"
1367,7,1790,882,2,588.0,Gd,1999,"193,000$"
1368,6,1475,925,1,336.0,Av,1977,"127,000$"
1369,4,848,848,2,420.0,AA,2003,"144,000$"
1370,8,1668,1668,2,502.0,VG,2003,"232,000$"
1371,6,1374,840,1,338.0,BA,1920,"105,000$"
1372,8,1661,1661,1,377.0,AA,1955,"165,500$"
1373,8,2097,1108,2,583.0,Gd,1998,"274,300$"
1374,8,2633,2633,3,804.0,VE,2001,"466,500$"
1375,9,1958,1026,3,936.0,Gd,2005,"250,000$"
1376,7,1571,1571,3,722.0,VG,2007,"239,000$"
1377,4,790,790,1,160.0,AA,1930,"91,000$"
1378,6,1604,984,2,660.0,Av,1941,"117,000$"
1379,5,987,483,1,264.0,AA,1973,"83,000$"
1380,7,1394,754,2,400.0,Av,2006,"167,500$"
1381,5,864,864,1,200.0,Fa,1914,"58,500$"
1382,7,2117,2117,2,550.0,AA,1970,"237,500$"
1383,8,1762,998,2,576.0,Gd,1920,"157,000$"
1384,7,1416,1416,2,576.0,Av,1918,"112,000$"
1385,6,1258,698,1,280.0,AA,1939,"105,000$"
1386,7,1154,796,1,240.0,BA,1922,"125,500$"
1387,12,2784,1392,2,564.0,Gd,1978,"250,000$"
1388,10,2526,1664,1,216.0,AA,1916,"136,000$"
1389,7,1746,1746,3,758.0,Ex,2006,"377,500$"
1390,6,1218,869,2,440.0,AA,1941,"131,000$"
1391,6,1525,1525,2,,Gd,2000,"235,000$"
1392,8,1584,1584,3,792.0,Av,1967,"124,000$"
1393,6,900,900,1,288.0,Av,1967,"123,000$"
1394,7,1912,1221,2,672.0,AA,1905,"163,000$"
1395,6,1500,1500,3,648.0,Gd,2006,"246,578$"
1396,9,2482,1133,3,642.0,VG,2005,"281,213$"
1397,7,1687,1687,2,572.0,Av,1948,"160,000$"
1398,8,1513,939,1,180.0,Av,1920,"137,500$"
1399,7,1904,1136,1,240.0,Av,1950,"138,000$"
1400,7,1608,1160,1,216.0,AA,1925,"137,450$"
1401,5,1158,950,1,208.0,AA,1929,"120,000$"
1402,8,1593,864,2,398.0,AA,2004,"193,000$"
1403,6,1294,1294,2,662.0,Gd,2006,"193,879$"
1404,6,1464,1464,3,754.0,VG,2007,"282,922$"
1405,6,1214,694,3,936.0,Fa,1915,"105,000$"
1406,5,1646,1646,2,482.0,VG,2004,"275,000$"
1407,5,768,768,2,396.0,Av,1972,"133,000$"
1408,5,833,833,0,0.0,Av,1985,"112,000$"
1409,6,1363,741,2,528.0,BA,1910,"125,500$"
1410,7,2093,1236,2,542.0,Gd,1986,"215,000$"
1411,6,1840,944,2,622.0,Gd,2001,"230,000$"
1412,6,1668,1112,1,271.0,AA,1950,"140,000$"
1413,6,1040,1040,2,420.0,BA,1949,"90,000$"
1414,7,1844,1844,2,620.0,VG,2005,"257,000$"
1415,8,1848,1053,2,370.0,AA,1923,"207,000$"
1416,7,1569,1569,3,660.0,Gd,2007,"175,900$"
1417,11,2290,1246,2,560.0,BA,1885,"122,500$"
1418,7,2450,1310,3,1069.0,VG,1998,"340,000$"
1419,6,1144,1144,1,336.0,Av,1963,"124,000$"
1420,7,1844,1844,2,540.0,AA,1969,"223,000$"
1421,7,1416,708,2,776.0,AA,1968,"179,900$"
1422,4,1069,1069,2,440.0,AA,1977,"127,500$"
1423,3,848,848,2,420.0,AA,2003,"136,500$"
1424,8,2201,1575,2,432.0,AA,1966,"274,970$"
1425,6,1344,1344,1,484.0,Av,1958,"144,000$"
1426,7,1252,1252,2,528.0,AA,1959,"142,000$"
1427,5,2127,1223,2,525.0,Gd,1994,"271,000$"
1428,6,1558,1048,1,288.0,Av,1945,"140,000$"
1429,4,804,804,1,240.0,Av,1940,"119,000$"
1430,7,1440,1440,2,467.0,AA,1981,"182,900$"
1431,7,1838,734,2,372.0,Average,2005,"192,140$"
1431,7,1838,734,2,372.0,Av,2005,"192,140$"
1433,5,968,968,1,216.0,BA,1927,"64,500$"
1434,8,1792,962,2,451.0,AA,2000,"186,500$"
1435,5,1126,1126,2,484.0,Av,1977,"160,000$"
1436,7,1537,1537,2,462.0,AA,1962,"174,000$"
1437,5,864,864,2,528.0,BA,1971,"120,500$"
1438,7,1932,1932,3,774.0,VG,2008,"394,617$"
1439,6,1236,1236,2,923.0,AA,1957,"149,700$"
1440,6,1725,1040,2,550.0,Gd,1979,"197,000$"
1441,11,2555,1423,2,672.0,AA,1922,"191,000$"
1442,3,848,848,2,420.0,AA,2004,"149,300$"
1443,10,2007,1026,3,812.0,VE,2008,"310,000$"
1444,4,952,952,1,192.0,AA,1916,"121,000$"
1445,7,1422,1422,2,626.0,Gd,2004,"179,600$"
1446,6,913,913,1,240.0,AA,1966,"129,000$"
1447,6,1188,1188,1,312.0,Av,1962,"157,900$"
1448,8,2090,1220,2,556.0,VG,1995,"240,000$"
1449,6,1346,796,1,384.0,BA,1910,"112,000$"
1450,3,630,630,0,0.0,Av,1970,"92,000$"
1451,8,1792,896,0,0.0,Av,1974,"136,000$"
1452,7,1578,1578,3,840.0,VG,2008,"287,090$"
1453,5,1072,1072,2,525.0,Av,2005,"145,000$"
1454,6,1140,1140,0,0.0,Av,2006,"84,500$"
1455,6,1221,1221,2,400.0,Gd,2004,"185,000$"
1456,7,1647,953,2,460.0,AA,1999,"175,000$"
1457,7,2073,2073,2,500.0,AA,1978,"210,000$"
1458,9,2340,1188,1,252.0,Gd,1941,"266,500$"
1459,5,1078,1078,1,240.0,Av,1950,"142,125$"
1460,6,1256,1256,1,276.0,Av,1965,"147,500$"
